gene	Sample_1-1	Sample_1-2	Sample_1-3	Sample_1-4	Sample_2-1	Sample_2-2	Sample_2-3	Sample_2-4
Gene_0001	42276	32438	37907	34782	24498	37229	37893	42823
Gene_0002	7	10	7	8	14	17	10	10
Gene_0003	4	4	6	6	8	5	2	3
Gene_0004	15	11	22	30	31	24	20	33
Gene_0005	0	0	0	0	0	0	0	1
Gene_0006	10	8	7	2	8	11	10	6
Gene_0007	94	70	79	65	52	78	53	47
Gene_0008	122	74	75	129	92	81	89	92
Gene_0009	10	6	4	4	8	3	5	4
Gene_0010	223	195	187	138	587	584	889	749
Gene_0011	33	45	54	37	39	46	35	34
Gene_0012	56	77	51	69	59	63	74	66
Gene_0013	2577	1731	2823	3132	2233	3039	3479	2276
Gene_0014	21288	25925	16335	24143	25923	27742	19905	25764
Gene_0015	221	183	173	146	203	122	186	136
Gene_0016	449	546	540	480	126	169	104	103
Gene_0017	34	11	24	36	38	29	23	30
Gene_0018	19196	15826	15644	13978	10879	14398	13815	18157
Gene_0019	1	0	2	2	5	1	6	6
Gene_0020	18	12	12	20	19	15	14	19
Gene_0021	21738	18935	20304	33034	28548	19176	18214	16640
Gene_0022	168	139	200	178	727	550	983	799
Gene_0023	50	66	56	65	56	66	92	68
Gene_0024	36	59	47	54	24	41	35	38
Gene_0025	36	29	29	19	31	20	26	37
Gene_0026	12	21	13	23	6	9	15	17
Gene_0027	13	5	3	1	5	2	3	7
Gene_0028	41	42	35	28	61	34	43	55
Gene_0029	918	853	1057	1152	651	896	1537	1137
Gene_0030	26	21	20	17	17	19	18	19
Gene_0031	1898	1391	1411	1368	1527	2349	2926	1819
Gene_0032	351	269	206	211	378	157	381	354
Gene_0033	2635	1859	2538	2135	779	536	529	659
Gene_0034	0	0	1	0	0	1	0	0
Gene_0035	5096	4268	3734	5424	2442	3693	4486	4368
Gene_0036	22	18	14	16	104	89	63	72
Gene_0037	8109	4055	11046	7357	35402	35199	39119	35624
Gene_0038	1	0	1	0	2	1	1	0
Gene_0039	15	20	14	13	9	15	15	8
Gene_0040	177	287	310	327	1761	1212	1452	1099
Gene_0041	72	32	57	56	67	46	44	52
Gene_0042	29	36	46	44	69	67	59	47
Gene_0043	99	178	142	118	191	147	193	142
Gene_0044	61	61	66	78	58	62	47	86
Gene_0045	24501	31293	21896	19008	28870	23064	16257	23200
Gene_0046	78	91	46	61	43	92	50	72
Gene_0047	10	4	2	8	5	16	9	4
Gene_0048	21	24	28	25	26	24	26	17
Gene_0049	104	102	78	95	77	61	101	61
Gene_0050	13	16	5	1	16	22	33	18
Gene_0051	1	0	1	0	0	2	0	1
Gene_0052	388	274	506	373	341	302	381	437
Gene_0053	26	30	42	28	32	46	44	41
Gene_0054	42838	28561	52489	37193	115540	187866	161571	156640
Gene_0055	3085	3098	2660	3837	2180	2282	1806	3587
Gene_0056	3	4	4	6	23	12	6	18
Gene_0057	110	89	129	121	109	85	163	150
Gene_0058	15	8	27	16	16	13	6	16
Gene_0059	3	5	7	7	9	7	6	2
Gene_0060	81	48	127	113	77	78	126	87
Gene_0061	49	59	59	45	46	38	37	45
Gene_0062	1	5	4	1	2	0	2	3
Gene_0063	1	2	1	2	2	4	5	4
Gene_0064	6	22	6	5	15	8	14	5
Gene_0065	39	35	23	34	27	45	40	13
Gene_0066	3005	2976	2205	3186	4054	3344	2962	2992
Gene_0067	233	315	284	264	365	419	217	297
Gene_0068	47	70	74	53	50	86	70	79
Gene_0069	2191	2410	2004	1747	2378	3245	2465	1628
Gene_0070	22	21	22	33	19	28	16	16
Gene_0071	5	1	5	8	7	3	6	9
Gene_0072	0	3	3	1	1	2	3	2
Gene_0073	27	39	37	38	28	54	20	19
Gene_0074	2313	1595	2134	3365	2785	2636	1204	2084
Gene_0075	275	279	318	277	403	204	275	215
Gene_0076	1396	1322	1134	1144	862	1122	925	1254
Gene_0077	117	124	113	193	140	157	134	163
Gene_0078	14	7	22	15	10	11	12	8
Gene_0079	32	19	40	37	32	36	36	32
Gene_0080	1	4	7	1	8	7	5	5
Gene_0081	99	79	69	95	89	93	49	125
Gene_0082	2429	2358	3242	2677	1190	1025	838	756
Gene_0083	159	268	139	156	173	178	148	180
Gene_0084	46	40	43	40	20	12	31	14
Gene_0085	63	30	48	53	68	37	63	45
Gene_0086	0	0	0	0	0	0	0	0
Gene_0087	73	32	41	35	66	63	59	52
Gene_0088	2031	1471	1995	1609	6574	7372	6893	7076
Gene_0089	1	5	2	2	8	1	5	1
Gene_0090	177	85	152	110	187	131	157	157
Gene_0091	17	24	26	23	31	27	25	32
Gene_0092	15	8	17	13	13	11	14	14
Gene_0093	169	333	200	292	302	239	293	264
Gene_0094	42	42	55	38	48	58	56	55
Gene_0095	14	22	19	18	27	16	17	23
Gene_0096	46	33	46	37	65	48	36	76
Gene_0097	22	30	34	31	24	22	39	34
Gene_0098	21	15	20	23	18	23	16	25
Gene_0099	1002	882	724	835	894	980	860	1244
Gene_0100	679	792	592	467	577	946	540	989
Gene_0101	4	9	6	3	1	1	2	4
Gene_0102	47	73	58	59	65	63	105	53
Gene_0103	3	3	5	2	6	3	1	2
Gene_0104	6	13	6	8	17	14	6	10
Gene_0105	40	70	69	70	44	48	65	54
Gene_0106	630	580	393	693	502	473	402	606
Gene_0107	1436	1146	1676	1937	1120	1333	1263	2306
Gene_0108	7	9	7	8	56	45	22	49
Gene_0109	44	105	91	78	96	44	90	74
Gene_0110	31	49	21	34	145	101	153	172
Gene_0111	1692	544	961	1041	728	1418	625	1231
Gene_0112	2217	1660	1941	1906	923	1492	1826	1722
Gene_0113	512	607	517	802	727	641	477	660
Gene_0114	547	348	392	283	541	305	342	602
Gene_0115	101	178	80	161	39	35	25	30
Gene_0116	138	267	485	328	214	430	346	281
Gene_0117	381	712	638	682	650	678	482	622
Gene_0118	36	21	11	28	33	21	42	31
Gene_0119	12	9	12	18	18	18	14	20
Gene_0120	589	697	513	621	267	192	152	122
Gene_0121	255	207	224	190	183	124	238	321
Gene_0122	545	701	502	1188	800	702	902	949
Gene_0123	420	569	320	380	1490	1077	1479	1648
Gene_0124	274	261	196	166	205	252	216	111
Gene_0125	6686	8858	7830	7539	5179	6340	6923	6870
Gene_0126	8	4	4	4	1	1	2	3
Gene_0127	8377	5934	5059	5149	5691	5652	5574	6322
Gene_0128	0	0	1	0	0	1	1	1
Gene_0129	1	1	2	4	4	1	6	1
Gene_0130	63	77	83	57	49	53	70	62
Gene_0131	188	211	137	158	192	179	189	329
Gene_0132	714	1015	779	1010	211	279	156	182
Gene_0133	5961	5525	6215	3945	3543	5113	5658	3706
Gene_0134	60	105	64	69	106	108	81	74
Gene_0135	123	92	94	123	78	93	140	160
Gene_0136	5390	6545	6265	4134	5906	5693	4322	5206
Gene_0137	0	0	0	1	2	0	1	0
Gene_0138	313	267	262	370	1661	1407	1491	1671
Gene_0139	9558	9383	6956	10644	6036	8776	5202	7184
Gene_0140	43	69	54	44	88	33	85	54
Gene_0141	396	376	265	268	358	430	476	338
Gene_0142	32	40	38	28	28	24	28	31
Gene_0143	8	6	15	17	15	11	9	11
Gene_0144	135	129	185	158	452	402	567	542
Gene_0145	3	3	1	6	3	3	3	5
Gene_0146	4847	3130	4824	2477	2957	4625	3308	2498
Gene_0147	154	114	127	138	122	95	94	158
Gene_0148	263	243	186	246	740	924	738	795
Gene_0149	1154	1127	519	595	379	455	441	441
Gene_0150	172	240	212	258	270	306	230	215
Gene_0151	38	41	32	42	25	40	30	52
Gene_0152	890	657	926	984	570	975	587	1010
Gene_0153	5	8	5	11	0	4	10	2
Gene_0154	16286	12909	9810	10288	12831	12981	13085	13677
Gene_0155	7	15	13	14	10	9	9	18
Gene_0156	7	12	10	11	13	15	10	15
Gene_0157	286	256	390	209	291	235	224	245
Gene_0158	435	648	540	617	868	549	740	723
Gene_0159	41	49	43	53	26	67	69	70
Gene_0160	260	157	202	248	235	165	185	268
Gene_0161	1478	1842	1868	2699	2007	2383	1306	1360
Gene_0162	18	18	10	19	13	11	9	22
Gene_0163	4	2	3	4	5	7	6	3
Gene_0164	246	231	540	590	176	214	197	196
Gene_0165	1	5	1	3	3	4	0	3
Gene_0166	0	1	0	0	1	0	0	1
Gene_0167	2173	3497	4314	3746	4141	3937	4407	2632
Gene_0168	133	84	71	43	421	451	326	347
Gene_0169	27	17	19	19	18	18	17	43
Gene_0170	68	39	30	25	32	49	38	23
Gene_0171	281	278	162	191	219	210	163	189
Gene_0172	107	84	81	87	66	117	122	115
Gene_0173	799	623	652	763	788	893	783	737
Gene_0174	1641	2186	3469	2610	1431	841	832	802
Gene_0175	601	663	562	447	718	562	679	511
Gene_0176	0	0	0	1	1	0	0	0
Gene_0177	178	255	149	220	309	186	255	203
Gene_0178	0	1	1	0	0	1	1	0
Gene_0179	24	18	14	23	31	27	15	16
Gene_0180	221	278	324	237	289	199	204	363
Gene_0181	509	643	550	420	434	480	496	605
Gene_0182	417	373	462	486	244	523	442	368
Gene_0183	3	5	4	5	2	7	3	3
Gene_0184	12	20	10	21	11	23	11	26
Gene_0185	17	26	29	27	33	23	32	54
Gene_0186	161	135	131	132	153	91	150	222
Gene_0187	93	158	113	126	51	56	23	27
Gene_0188	58	70	92	85	87	62	69	54
Gene_0189	18	8	10	11	4	7	4	4
Gene_0190	251	333	411	347	388	370	423	290
Gene_0191	255	309	199	443	253	323	310	238
Gene_0192	0	0	0	0	0	0	0	0
Gene_0193	0	1	0	1	0	0	0	1
Gene_0194	10	11	10	3	29	16	22	26
Gene_0195	0	0	3	1	1	2	1	0
Gene_0196	80	85	41	81	15	29	13	26
Gene_0197	799	825	881	1032	713	961	596	855
Gene_0198	738	963	759	592	206	241	299	214
Gene_0199	1361	1079	1472	1434	1341	1249	1214	906
Gene_0200	1	3	0	0	1	0	2	1
Gene_0201	5	5	4	8	8	3	2	6
Gene_0202	51	45	111	35	47	67	60	38
Gene_0203	1	0	0	0	1	1	0	1
Gene_0204	0	2	6	0	2	3	1	3
Gene_0205	512	576	497	405	2983	2361	2620	2235
Gene_0206	24	35	17	33	17	8	15	10
Gene_0207	27	29	15	28	27	25	15	28
Gene_0208	162	211	209	190	122	145	227	129
Gene_0209	18	29	18	39	44	42	27	33
Gene_0210	1180	3125	2457	2558	2122	2308	3122	2884
Gene_0211	3387	4242	2853	2861	3636	2488	3491	2698
Gene_0212	5	6	14	9	11	7	8	21
Gene_0213	1589	2438	2241	1695	3056	1793	1905	2935
Gene_0214	43	35	58	28	37	40	29	43
Gene_0215	132222	111132	104665	99495	125329	100556	75368	137947
Gene_0216	418	253	242	264	378	337	347	267
Gene_0217	169	256	172	142	229	323	197	349
Gene_0218	10615	10962	9482	11995	35046	35357	34481	23159
Gene_0219	88	85	102	96	443	321	530	879
Gene_0220	6294	8060	4855	5255	7525	4560	4485	3629
Gene_0221	19	18	12	21	12	22	10	20
Gene_0222	12	9	9	6	7	13	4	16
Gene_0223	2954	2788	2066	3650	1695	2095	1632	1030
Gene_0224	77	64	64	57	48	48	62	84
Gene_0225	29	27	52	25	47	50	47	39
Gene_0226	231	149	228	233	108	124	161	76
Gene_0227	56	38	61	55	50	32	57	78
Gene_0228	31	19	37	14	10	37	19	26
Gene_0229	6814	4894	4206	5417	5853	6169	6252	6363
Gene_0230	11625	10530	10455	7346	10714	11044	9156	10844
Gene_0231	672	687	1218	939	1152	674	975	1115
Gene_0232	94	80	108	46	64	93	76	97
Gene_0233	1629	1871	1719	1201	1736	1627	957	1811
Gene_0234	0	0	0	0	0	0	0	0
Gene_0235	158137	188682	131479	84697	130845	165087	155601	80151
Gene_0236	129	118	111	188	150	119	253	146
Gene_0237	180663	163130	191335	233841	268478	224999	161690	116947
Gene_0238	289	314	310	332	818	1048	1275	750
Gene_0239	61	27	53	59	56	61	37	44
Gene_0240	6	12	5	4	10	5	9	11
Gene_0241	87555	61153	106577	69871	92358	73113	68253	82978
Gene_0242	1092	1087	1014	1087	1171	1311	1423	1050
Gene_0243	314	450	424	426	242	347	308	384
Gene_0244	2913	2371	1961	1625	2666	2130	3294	1742
Gene_0245	1374	1389	2305	1185	933	879	1295	799
Gene_0246	28	10	12	14	8	16	11	10
Gene_0247	321	333	291	407	225	350	439	369
Gene_0248	357	276	321	295	643	353	491	310
Gene_0249	0	0	0	0	0	0	0	0
Gene_0250	22	13	33	18	25	10	22	19
Gene_0251	1	2	1	3	0	1	1	0
Gene_0252	10465	9201	12949	10928	31581	42924	66719	32666
Gene_0253	482	436	299	268	1638	1479	2324	1191
Gene_0254	0	0	0	0	1	1	0	1
Gene_0255	1633	1359	1748	1434	1230	1920	926	1032
Gene_0256	116	99	70	77	79	110	91	58
Gene_0257	4041	1401	2734	3401	2265	2518	3083	3362
Gene_0258	11	8	10	3	5	10	5	7
Gene_0259	14	10	3	11	6	7	12	2
Gene_0260	2	0	1	2	1	1	1	2
Gene_0261	11754	10893	9695	8986	10665	8308	10769	8794
Gene_0262	3328	4167	3255	3386	3589	5825	4114	3292
Gene_0263	1936	1617	2250	1928	8729	9768	8404	11164
Gene_0264	25	27	54	40	53	23	42	40
Gene_0265	38	42	25	32	19	31	20	46
Gene_0266	9	5	4	5	3	3	2	2
Gene_0267	174	134	151	200	107	118	125	110
Gene_0268	18532	14343	14145	11639	3774	5930	3453	3740
Gene_0269	80	76	69	87	143	60	74	70
Gene_0270	1695	1418	1724	2127	1408	1655	1772	2129
Gene_0271	9131	11908	9387	7256	5418	9716	8781	9344
Gene_0272	2813	1533	2326	2290	2464	2466	3086	2348
Gene_0273	21	25	11	10	13	29	20	24
Gene_0274	0	0	0	0	2	0	0	0
Gene_0275	1001	1153	773	1075	688	1089	1063	979
Gene_0276	1086	1252	1228	1284	740	1464	850	928
Gene_0277	360	305	296	435	434	211	319	344
Gene_0278	4	2	2	2	2	2	6	3
Gene_0279	1	3	1	4	4	0	0	3
Gene_0280	2119	1648	2177	1840	1608	1749	2703	1504
Gene_0281	169049	129432	177293	144674	113252	77626	157210	137654
Gene_0282	232	436	374	276	318	322	306	277
Gene_0283	142	201	154	186	117	148	232	145
Gene_0284	423	347	411	400	368	320	209	275
Gene_0285	377	325	321	392	388	308	376	428
Gene_0286	196	156	214	221	234	305	279	170
Gene_0287	26	17	35	36	31	29	25	41
Gene_0288	1048	1560	1128	1296	2018	1056	2522	1663
Gene_0289	8	9	7	6	30	29	26	45
Gene_0290	185	207	177	216	323	304	270	161
Gene_0291	10	13	3	9	34	48	25	47
Gene_0292	10	8	8	7	12	7	11	5
Gene_0293	6922	3971	6330	4214	1889	1706	1847	2111
Gene_0294	59	28	39	31	21	42	18	38
Gene_0295	1554	2406	1843	2803	1889	1445	2990	2566
Gene_0296	49	33	31	50	37	38	21	29
Gene_0297	0	0	0	0	0	0	0	0
Gene_0298	819	824	620	487	735	758	625	947
Gene_0299	0	4	2	2	2	4	2	2
Gene_0300	858	493	978	1009	1093	339	647	660
Gene_0301	15	7	11	21	15	8	12	13
Gene_0302	1835	1412	1608	2295	12144	8243	6932	10400
Gene_0303	132	64	116	117	165	120	76	115
Gene_0304	392	565	694	808	585	740	574	545
Gene_0305	3	6	4	3	2	9	4	3
Gene_0306	1	4	2	0	2	3	4	4
Gene_0307	0	5	3	2	3	3	3	2
Gene_0308	1	1	1	2	0	1	2	0
Gene_0309	31	28	40	36	33	32	49	30
Gene_0310	11	4	8	11	13	10	12	11
Gene_0311	302	396	183	278	256	288	385	243
Gene_0312	218	189	247	292	208	313	364	207
Gene_0313	103	247	166	172	72	83	56	96
Gene_0314	7	12	8	14	7	10	9	7
Gene_0315	3671	3589	4008	4951	3634	4468	3823	2724
Gene_0316	1276	932	1033	922	1257	1012	718	1273
Gene_0317	274	182	443	262	343	369	318	270
Gene_0318	3410	4731	6422	4510	7574	4974	3915	6367
Gene_0319	40	33	38	34	48	53	35	21
Gene_0320	5	2	3	2	2	2	3	4
Gene_0321	1737	1990	2114	1540	1376	1696	1923	2838
Gene_0322	26	29	23	28	29	25	27	21
Gene_0323	98	127	76	169	112	103	131	120
Gene_0324	184	215	120	211	223	254	204	203
Gene_0325	0	0	0	0	0	1	0	1
Gene_0326	3050	2384	1758	2554	414	666	642	777
Gene_0327	90	86	121	122	227	136	115	138
Gene_0328	35	46	38	28	50	33	36	40
Gene_0329	8	3	8	5	10	8	8	10
Gene_0330	985	1759	828	1024	1097	694	720	654
Gene_0331	138	168	223	142	176	118	244	178
Gene_0332	54	105	81	90	65	77	81	86
Gene_0333	49	43	29	56	39	30	64	39
Gene_0334	18	18	46	37	22	39	38	35
Gene_0335	0	1	2	0	1	0	0	1
Gene_0336	80	152	83	170	153	95	113	96
Gene_0337	0	1	0	0	1	0	0	0
Gene_0338	7197	10789	12002	10907	6847	13352	9075	6813
Gene_0339	0	0	0	0	0	0	0	0
Gene_0340	17869	11999	15489	14586	12634	13786	20129	14016
Gene_0341	252	243	285	292	86	71	117	86
Gene_0342	396	281	510	357	267	452	660	343
Gene_0343	6004	4940	5300	5778	8044	6530	4895	6747
Gene_0344	1400	2061	1684	1025	913	684	636	414
Gene_0345	41	42	37	53	50	39	30	70
Gene_0346	196	160	150	171	260	207	182	222
Gene_0347	1996	5731	4508	3577	3318	4325	5558	3458
Gene_0348	4	1	1	4	1	3	5	1
Gene_0349	0	0	1	1	1	0	0	1
Gene_0350	0	0	0	0	0	1	1	0
Gene_0351	942	629	822	823	915	917	717	899
Gene_0352	1854	2244	3016	2395	1483	2861	2547	3109
Gene_0353	5902	4836	5707	6366	4149	6955	5742	4963
Gene_0354	519	475	726	457	475	659	373	500
Gene_0355	756	489	767	641	668	525	871	745
Gene_0356	36	18	51	49	127	129	120	107
Gene_0357	431	295	415	388	533	532	368	254
Gene_0358	31	20	27	31	23	15	38	38
Gene_0359	2296	5113	3091	3392	4924	5659	6171	4282
Gene_0360	975	906	638	1004	2854	3635	3847	3808
Gene_0361	112	142	96	133	129	106	105	94
Gene_0362	5	7	7	7	22	17	23	28
Gene_0363	56847	44676	33985	40156	45644	25139	31266	33153
Gene_0364	223	438	443	353	318	348	373	332
Gene_0365	370	346	282	324	369	289	326	376
Gene_0366	0	0	0	1	0	0	0	0
Gene_0367	145	149	118	176	167	98	109	112
Gene_0368	2	2	6	8	2	5	4	9
Gene_0369	3743	2832	2266	2167	9359	11028	6652	8923
Gene_0370	3743	5934	6407	6180	5607	4576	6396	6533
Gene_0371	2	8	11	7	5	2	4	6
Gene_0372	226	233	218	228	183	207	146	212
Gene_0373	261	288	323	271	303	385	195	446
Gene_0374	170	103	102	126	100	135	117	144
Gene_0375	61	68	68	71	57	37	50	52
Gene_0376	159	141	122	180	211	123	131	159
Gene_0377	1701	1518	1651	1636	1920	2786	1812	1501
Gene_0378	18	12	24	16	36	13	17	28
Gene_0379	4135	4105	3079	2828	1032	1130	984	933
Gene_0380	1009	470	622	912	737	610	515	565
Gene_0381	0	2	2	0	0	1	0	0
Gene_0382	473	396	666	448	586	453	475	880
Gene_0383	240	174	174	212	915	997	1254	1061
Gene_0384	4	6	5	11	4	3	7	5
Gene_0385	3853	3500	3174	2574	2944	4747	4308	4417
Gene_0386	12	4	17	2	11	7	7	10
Gene_0387	59345	61976	48559	55322	51302	46400	99541	55453
Gene_0388	173	154	176	119	170	123	122	151
Gene_0389	64	73	65	55	74	59	56	47
Gene_0390	121	78	112	101	71	81	62	61
Gene_0391	155	119	319	225	264	188	230	142
Gene_0392	1	3	5	6	2	0	3	2
Gene_0393	1	0	1	0	1	0	0	1
Gene_0394	576	529	516	640	707	663	644	430
Gene_0395	14	38	28	20	29	21	18	26
Gene_0396	1506	1562	1578	1223	1777	1197	1382	1207
Gene_0397	7	4	8	10	6	7	4	7
Gene_0398	27	24	23	21	104	133	174	101
Gene_0399	6	9	3	4	14	6	6	13
Gene_0400	75	101	62	69	123	84	100	67
Gene_0401	1398	1626	1005	750	1339	1337	916	823
Gene_0402	1307	1352	1231	1551	600	450	441	478
Gene_0403	242	395	264	293	255	265	409	214
Gene_0404	10	17	10	18	16	20	13	12
Gene_0405	2739	2619	2656	1947	2226	2623	3534	2476
Gene_0406	39	49	22	33	25	31	23	59
Gene_0407	91	55	98	99	104	101	89	100
Gene_0408	202	148	146	132	69	51	56	47
Gene_0409	182	277	153	297	275	220	231	376
Gene_0410	325	481	239	271	291	356	230	386
Gene_0411	64	31	38	44	35	21	47	35
Gene_0412	290	289	337	361	313	311	280	420
Gene_0413	55	44	57	67	47	51	45	54
Gene_0414	4998	5297	8144	6639	7269	8931	7095	8197
Gene_0415	340	599	330	425	372	496	257	369
Gene_0416	13	22	18	30	28	12	14	12
Gene_0417	33	60	73	29	60	58	55	51
Gene_0418	16	15	16	21	31	17	19	16
Gene_0419	2953	4888	3238	2616	4488	3485	3776	4512
Gene_0420	72	81	35	79	246	203	212	192
Gene_0421	3226	3787	3806	2682	2174	3391	3016	3408
Gene_0422	41	60	60	28	38	75	54	28
Gene_0423	1032	1032	1059	1375	506	690	232	640
Gene_0424	29	25	30	12	95	76	96	84
Gene_0425	991	1052	761	1009	1165	1044	729	802
Gene_0426	2658	3362	2850	2362	3169	4166	2866	4106
Gene_0427	185	155	182	82	348	579	500	575
Gene_0428	10	18	13	7	13	10	16	11
Gene_0429	11458	5218	7950	6706	27769	23636	37702	28370
Gene_0430	312	325	344	380	311	309	336	355
Gene_0431	233	244	195	323	409	288	227	215
Gene_0432	282	631	369	430	690	550	380	558
Gene_0433	611	591	614	602	361	212	365	290
Gene_0434	37	85	37	40	36	36	89	96
Gene_0435	3423	2700	3981	2359	3226	5751	2439	1756
Gene_0436	2	1	2	2	1	4	3	2
Gene_0437	2721	3050	3624	1515	1739	2668	2433	1665
Gene_0438	54	57	37	50	50	35	36	22
Gene_0439	14	9	31	27	11	10	12	16
Gene_0440	45	36	60	40	161	291	237	199
Gene_0441	33	71	33	36	55	48	25	49
Gene_0442	833	626	816	929	1004	1120	963	757
Gene_0443	87	65	83	118	88	105	69	78
Gene_0444	33076	32779	49320	38050	33997	29476	24169	27014
Gene_0445	155	51	179	112	120	81	104	103
Gene_0446	53	44	89	41	51	63	68	72
Gene_0447	0	0	0	0	0	0	0	1
Gene_0448	1	4	4	1	2	3	4	4
Gene_0449	288	295	422	532	287	438	275	303
Gene_0450	875	950	1255	1330	1249	1529	601	999
Gene_0451	637	406	944	814	884	688	645	859
Gene_0452	63	90	76	60	16	23	15	19
Gene_0453	2	2	2	3	5	1	0	0
Gene_0454	9	5	10	6	3	6	4	6
Gene_0455	2	0	0	1	1	0	0	1
Gene_0456	136	159	147	97	123	107	204	126
Gene_0457	0	0	5	3	3	4	4	3
Gene_0458	427	307	318	408	228	304	489	314
Gene_0459	1865	1984	2025	2309	2371	2225	1854	2063
Gene_0460	2469	2258	1835	1704	1736	1529	3009	3202
Gene_0461	44	20	23	22	59	41	38	34
Gene_0462	2	5	4	3	3	7	3	3
Gene_0463	1208	1626	1474	1713	1955	1379	1594	1479
Gene_0464	1917	2129	1430	1483	1222	553	963	673
Gene_0465	3	5	9	2	7	3	13	5
Gene_0466	43	65	39	46	50	29	50	51
Gene_0467	3	1	0	0	7	6	7	8
Gene_0468	123	146	99	92	122	173	152	134
Gene_0469	2940	3990	2363	2740	3255	2440	2879	2180
Gene_0470	155	263	323	225	350	221	277	457
Gene_0471	188979	179093	166421	177689	259386	89661	136296	156284
Gene_0472	132	62	74	97	96	90	71	55
Gene_0473	0	2	2	1	1	1	2	0
Gene_0474	9	4	1	6	2	3	2	3
Gene_0475	269	259	298	447	497	303	378	359
Gene_0476	93	43	83	83	214	310	215	264
Gene_0477	1	2	0	2	0	0	1	0
Gene_0478	639	711	537	431	615	579	494	574
Gene_0479	1608	1779	1317	767	1616	1229	1166	1084
Gene_0480	6	6	10	8	3	8	6	3
Gene_0481	6	1	9	5	2	9	4	6
Gene_0482	195	171	172	238	162	166	172	251
Gene_0483	32	36	34	21	35	34	34	23
Gene_0484	1	0	4	4	1	1	2	1
Gene_0485	1579	1456	1358	1877	2113	2098	2015	1796
Gene_0486	430	533	384	420	207	202	177	143
Gene_0487	4	1	5	3	5	7	5	9
Gene_0488	72	41	55	53	52	48	52	60
Gene_0489	19	31	24	23	6	10	17	9
Gene_0490	0	0	0	0	0	1	0	1
Gene_0491	483	407	454	213	335	413	368	313
Gene_0492	0	0	0	1	2	1	1	0
Gene_0493	8	12	13	10	24	11	10	9
Gene_0494	5387	3398	4918	4525	4649	5303	5219	4772
Gene_0495	13	13	7	12	17	16	23	11
Gene_0496	901	958	1366	929	1266	1134	1019	889
Gene_0497	6	4	10	3	6	3	8	4
Gene_0498	28640	28952	21114	33414	33710	52572	63414	44114
Gene_0499	4378	4102	5394	4919	15084	15075	15499	18172
Gene_0500	5	10	7	7	6	7	6	4
Gene_0501	31	24	29	28	37	50	22	21
Gene_0502	14	7	6	19	10	11	9	24
Gene_0503	49	74	56	73	153	183	282	182
Gene_0504	81	171	166	130	127	131	104	119
Gene_0505	275	197	142	158	275	197	188	107
Gene_0506	5	2	3	0	1	2	0	1
Gene_0507	42800	47194	74345	56957	39590	63221	36324	40895
Gene_0508	7	2	4	1	2	3	1	5
Gene_0509	133	175	131	163	791	513	493	916
Gene_0510	1	1	7	2	4	2	3	2
Gene_0511	4	2	3	4	4	5	3	1
Gene_0512	7	15	14	14	15	9	10	10
Gene_0513	1237	1192	1150	1054	938	1178	1069	1583
Gene_0514	450	768	939	704	3185	2068	3200	3052
Gene_0515	2	3	2	3	2	4	3	7
Gene_0516	415	452	545	480	1740	1573	1378	1146
Gene_0517	1	1	1	0	0	1	1	0
Gene_0518	77	63	83	99	78	64	57	66
Gene_0519	2	3	2	3	2	2	1	5
Gene_0520	12	7	9	2	6	4	4	9
Gene_0521	73	85	53	56	71	42	53	34
Gene_0522	19	19	20	19	12	14	23	25
Gene_0523	0	1	0	0	0	0	1	0
Gene_0524	28	68	39	20	15	8	13	17
Gene_0525	22	21	19	27	10	22	29	26
Gene_0526	149	118	176	197	196	199	191	139
Gene_0527	189	219	207	245	225	269	136	283
Gene_0528	248	139	323	245	330	229	274	325
Gene_0529	62	53	70	31	91	60	68	55
Gene_0530	6611	5909	6747	10901	4704	7931	5767	5619
Gene_0531	581	555	547	512	638	755	655	995
Gene_0532	1	2	0	0	0	1	0	1
Gene_0533	55	45	44	51	68	52	45	48
Gene_0534	337	287	206	211	199	314	313	387
Gene_0535	572	435	456	200	596	298	322	417
Gene_0536	1889	2673	2023	2761	1868	1770	2175	1967
Gene_0537	50	72	35	50	40	55	49	54
Gene_0538	93	90	76	67	86	58	69	67
Gene_0539	2931	3252	4145	2876	1087	944	1111	707
Gene_0540	48	47	49	36	49	60	31	58
Gene_0541	2	1	0	2	0	0	1	1
Gene_0542	32	28	40	40	45	32	43	40
Gene_0543	0	2	3	2	1	1	3	2
Gene_0544	114	151	84	146	73	70	110	81
Gene_0545	40	35	19	18	26	30	33	38
Gene_0546	442	363	342	518	729	498	493	474
Gene_0547	1088	1157	1022	1154	1265	1222	1156	1078
Gene_0548	433	262	332	409	370	339	404	414
Gene_0549	3	6	10	9	4	8	8	7
Gene_0550	2186	2076	1368	2063	1826	1706	2364	1667
Gene_0551	17	4	13	15	17	13	8	6
Gene_0552	874	810	897	597	864	1027	591	696
Gene_0553	0	0	0	0	0	2	1	2
Gene_0554	3315	6254	5793	4092	5340	3757	3660	5682
Gene_0555	2529	2939	4070	4372	1362	1235	1285	1124
Gene_0556	11302	11605	6084	10416	10476	12720	12347	14232
Gene_0557	1	1	3	2	12	15	26	10
Gene_0558	388	395	346	519	282	394	325	349
Gene_0559	37	33	36	45	23	40	35	41
Gene_0560	77	110	47	88	40	69	57	60
Gene_0561	111861	178603	152160	179628	129166	148840	173366	182155
Gene_0562	3043	2548	1654	2359	3485	2797	2748	3029
Gene_0563	747	596	630	650	645	655	842	518
Gene_0564	3698	4657	2447	4268	2790	2693	3388	2938
Gene_0565	1116	812	845	1204	1271	1341	1151	1194
Gene_0566	47	52	75	48	220	230	193	261
Gene_0567	26	19	14	14	27	26	23	20
Gene_0568	3181	4389	4950	2710	4227	6604	3867	4333
Gene_0569	138	106	113	127	68	104	116	128
Gene_0570	0	1	0	0	0	0	2	1
Gene_0571	61	49	59	64	50	66	66	61
Gene_0572	2795135	2832965	1827064	2191448	3122534	3096603	1600288	1913925
Gene_0573	147	208	229	144	226	144	196	167
Gene_0574	9	7	3	12	4	7	3	5
Gene_0575	57	37	45	76	30	40	41	39
Gene_0576	5459	4096	5460	3302	5395	3923	4593	4710
Gene_0577	52	59	51	62	199	243	158	189
Gene_0578	159	131	127	110	153	122	129	118
Gene_0579	14	43	38	26	17	23	34	17
Gene_0580	70	117	97	52	120	92	71	111
Gene_0581	809	778	746	874	259	282	188	351
Gene_0582	97	125	74	116	41	42	36	31
Gene_0583	11845	9278	10429	14635	11175	10680	11238	11274
Gene_0584	8	6	6	15	45	46	27	38
Gene_0585	367	331	344	426	329	280	414	195
Gene_0586	9	10	23	11	13	12	16	12
Gene_0587	152	144	73	129	114	107	147	180
Gene_0588	39	33	29	36	30	37	44	39
Gene_0589	94	136	92	124	98	140	134	132
Gene_0590	1	0	0	1	1	0	0	0
Gene_0591	11	23	23	13	10	22	11	14
Gene_0592	137	192	137	87	162	221	175	174
Gene_0593	41	52	54	35	63	50	43	56
Gene_0594	5	3	3	9	4	9	3	6
Gene_0595	7	12	8	10	13	7	7	2
Gene_0596	4	8	5	7	2	6	1	2
Gene_0597	34	29	27	18	19	31	32	27
Gene_0598	2	13	5	1	2	0	0	2
Gene_0599	4	6	20	9	2	2	1	3
Gene_0600	13098	20780	19926	11122	15516	8020	16164	12194
Gene_0601	4	1	1	2	5	1	1	1
Gene_0602	30	34	22	46	43	32	34	28
Gene_0603	82	71	48	93	25	29	15	26
Gene_0604	3091	2452	4024	3622	3099	1760	3507	2974
Gene_0605	5	1	6	7	3	0	1	1
Gene_0606	2737	3075	3220	2262	3364	3209	1627	2940
Gene_0607	719	814	771	563	919	801	550	685
Gene_0608	110	57	58	45	54	68	60	79
Gene_0609	24459	17278	28951	16772	21108	23963	25213	19642
Gene_0610	189	128	144	127	113	172	190	90
Gene_0611	759	646	956	1294	680	840	865	991
Gene_0612	6612	6871	8850	6145	6017	7887	5382	4901
Gene_0613	572	565	703	616	654	688	420	519
Gene_0614	68	53	41	32	155	141	109	213
Gene_0615	151	121	153	177	91	85	128	126
Gene_0616	0	0	0	0	0	0	0	0
Gene_0617	41	34	30	26	16	26	26	29
Gene_0618	3028	2763	2772	3493	2634	3215	3983	3394
Gene_0619	59	56	22	40	24	31	40	37
Gene_0620	74	57	62	69	105	80	64	66
Gene_0621	416	402	391	159	306	322	522	436
Gene_0622	21	24	28	37	45	30	24	29
Gene_0623	5	10	8	2	4	6	6	4
Gene_0624	298	289	386	403	344	301	389	209
Gene_0625	169	136	181	114	189	151	165	240
Gene_0626	1	1	1	0	0	1	0	1
Gene_0627	38	35	62	33	34	30	48	30
Gene_0628	9	2	3	5	11	9	9	9
Gene_0629	306	303	267	366	134	147	142	248
Gene_0630	10	6	15	15	8	5	7	12
Gene_0631	63	37	80	52	74	54	57	34
Gene_0632	2588	3552	3104	2816	2633	3001	2533	2611
Gene_0633	315	318	316	270	299	276	497	329
Gene_0634	158	176	217	195	117	178	222	240
Gene_0635	2	5	7	4	27	19	23	17
Gene_0636	65	80	45	61	62	59	74	57
Gene_0637	4	1	4	3	7	0	0	1
Gene_0638	21	36	18	20	20	10	20	23
Gene_0639	4	9	7	13	4	4	7	8
Gene_0640	84	113	85	69	95	106	45	91
Gene_0641	535	366	471	274	410	428	330	483
Gene_0642	122	225	187	204	229	168	134	217
Gene_0643	107	112	212	107	114	178	134	131
Gene_0644	34253	40706	57329	52691	16970	29131	23740	16985
Gene_0645	865	946	820	1043	1635	1190	873	763
Gene_0646	8046	6134	9054	5719	9314	4805	8395	12983
Gene_0647	5600	2914	2138	4053	1914	1850	1472	1717
Gene_0648	15	5	8	15	10	5	8	14
Gene_0649	370	484	738	339	351	607	358	474
Gene_0650	42	38	36	92	75	67	69	61
Gene_0651	5	9	5	1	7	4	3	4
Gene_0652	41	39	70	29	43	35	51	32
Gene_0653	5	10	5	8	6	8	9	1
Gene_0654	0	0	0	0	0	0	0	0
Gene_0655	5366	6359	6483	6986	3654	5058	4972	8687
Gene_0656	856	758	442	662	830	601	702	687
Gene_0657	10	14	7	28	20	15	16	11
Gene_0658	27	23	20	35	30	24	24	38
Gene_0659	0	1	2	0	1	0	0	0
Gene_0660	39	26	45	41	125	124	148	102
Gene_0661	15	15	21	9	10	13	17	19
Gene_0662	182	149	180	214	270	182	137	172
Gene_0663	165	123	97	145	95	120	148	118
Gene_0664	3062	3873	2513	3313	3852	2428	2721	2124
Gene_0665	0	0	0	2	0	1	0	1
Gene_0666	51070	42029	35214	53943	54117	80512	26215	55718
Gene_0667	1314	1511	2117	2184	2035	2228	1485	1430
Gene_0668	7	15	13	14	13	15	17	15
Gene_0669	5	3	1	5	9	3	1	7
Gene_0670	19	14	18	23	6	15	10	22
Gene_0671	1106	1569	1364	1710	1091	1828	1474	1969
Gene_0672	24	16	35	38	51	42	41	31
Gene_0673	1095	841	1236	779	1361	704	1033	1007
Gene_0674	102	135	136	102	36	39	39	53
Gene_0675	340	408	482	440	397	288	334	619
Gene_0676	17	19	13	11	16	19	17	11
Gene_0677	196	223	171	254	163	148	209	243
Gene_0678	320	313	228	231	251	177	185	157
Gene_0679	11	17	12	14	14	20	24	22
Gene_0680	4	1	0	0	0	0	0	1
Gene_0681	37	39	74	55	34	45	50	51
Gene_0682	0	0	0	0	0	0	0	0
Gene_0683	582	535	567	571	344	560	415	310
Gene_0684	5	8	6	4	7	7	12	9
Gene_0685	3038	4717	3957	4812	4388	3683	4192	3319
Gene_0686	3	4	2	6	0	2	6	3
Gene_0687	340	626	443	576	476	516	486	363
Gene_0688	353	664	1020	458	390	501	908	877
Gene_0689	185	313	240	155	209	157	195	176
Gene_0690	1016	954	1521	1022	265	266	232	342
Gene_0691	3656	4006	3622	3031	3743	4587	2691	2337
Gene_0692	21169	27187	21769	12584	20533	20331	22139	16061
Gene_0693	6195	4614	4783	5586	2182	2369	921	1029
Gene_0694	1	0	0	1	0	2	0	1
Gene_0695	22	19	14	23	25	21	21	16
Gene_0696	1084	809	741	723	703	667	686	682
Gene_0697	113	145	223	138	40	66	92	88
Gene_0698	578	537	571	554	751	648	426	499
Gene_0699	63	54	53	48	42	48	48	51
Gene_0700	75715	63170	49356	55455	76242	57597	54169	64685
Gene_0701	60	82	60	71	16	30	20	46
Gene_0702	13	9	12	24	13	14	8	13
Gene_0703	140	150	107	199	156	162	97	194
Gene_0704	3	3	2	2	1	3	2	3
Gene_0705	311	398	353	425	429	368	406	380
Gene_0706	9	7	5	7	6	11	6	2
Gene_0707	1164	766	838	874	986	1078	860	617
Gene_0708	113	78	73	85	18	40	20	37
Gene_0709	167830	176859	139008	209355	194370	349717	191210	307473
Gene_0710	52	98	78	61	89	62	104	109
Gene_0711	23	24	39	23	43	21	44	46
Gene_0712	36	22	28	23	31	38	31	26
Gene_0713	21	32	26	8	15	20	11	26
Gene_0714	521	406	486	642	642	487	540	595
Gene_0715	11	20	22	11	16	6	9	6
Gene_0716	157	95	168	107	600	670	411	397
Gene_0717	12	14	11	28	16	11	23	22
Gene_0718	35	33	22	20	40	59	16	21
Gene_0719	1966	3425	3588	4403	10975	19704	8307	11340
Gene_0720	14	15	3	10	9	12	8	10
Gene_0721	1	5	5	4	1	3	4	1
Gene_0722	90	106	113	75	87	104	58	64
Gene_0723	13	9	17	14	12	14	6	21
Gene_0724	12	10	26	21	20	17	13	18
Gene_0725	145	110	98	153	444	477	449	381
Gene_0726	431	415	500	550	620	556	499	485
Gene_0727	21	35	28	20	18	16	23	25
Gene_0728	30	32	51	37	37	40	49	47
Gene_0729	0	0	0	0	0	1	1	0
Gene_0730	47	32	26	26	46	22	31	31
Gene_0731	35	30	35	56	8	5	15	8
Gene_0732	84	129	120	204	88	112	147	209
Gene_0733	0	0	1	1	1	0	1	1
Gene_0734	16	12	12	8	9	15	8	16
Gene_0735	171	106	174	147	109	138	109	155
Gene_0736	26498	29454	31766	19687	28809	34125	30843	48144
Gene_0737	6	3	1	5	2	3	3	2
Gene_0738	234	250	228	180	677	749	585	628
Gene_0739	3	1	1	0	3	0	0	1
Gene_0740	7487	7981	7620	6168	5798	5490	6917	4982
Gene_0741	9108	7409	12194	10319	13022	10251	6920	5237
Gene_0742	188	205	173	111	64	29	76	68
Gene_0743	13	12	19	19	12	18	6	12
Gene_0744	1030	443	710	752	878	921	549	945
Gene_0745	91	70	48	68	16	8	25	33
Gene_0746	49	31	47	37	47	38	24	28
Gene_0747	4	5	2	6	4	8	7	14
Gene_0748	65	137	154	113	149	109	75	103
Gene_0749	28	15	27	22	48	76	105	104
Gene_0750	99	110	182	141	139	115	101	169
Gene_0751	1289	1384	1334	1010	810	1063	1432	979
Gene_0752	13	14	14	11	7	12	12	7
Gene_0753	1926	1277	1362	1100	1999	2044	1229	1308
Gene_0754	53	61	31	54	33	51	50	42
Gene_0755	86	107	151	91	77	82	103	81
Gene_0756	5	10	6	5	7	6	7	10
Gene_0757	23072	24956	22421	27330	15124	16098	15569	13673
Gene_0758	10	7	9	3	6	8	10	10
Gene_0759	54	45	43	42	33	41	26	41
Gene_0760	11	18	8	17	13	18	8	25
Gene_0761	148	298	261	258	213	183	240	337
Gene_0762	39	26	25	37	14	41	24	37
Gene_0763	1	0	1	0	0	0	0	0
Gene_0764	51	65	56	65	40	57	62	38
Gene_0765	51	60	92	61	11	20	22	34
Gene_0766	1157	1694	1640	1474	1534	1662	1843	1455
Gene_0767	24	27	14	39	17	22	24	24
Gene_0768	6	5	4	0	2	7	6	7
Gene_0769	354	288	284	213	110	65	74	52
Gene_0770	10	5	10	6	9	9	9	11
Gene_0771	14786	13960	11969	10602	13630	12765	11708	17329
Gene_0772	123	240	122	74	146	141	108	124
Gene_0773	238	344	234	247	329	258	155	256
Gene_0774	44	41	26	38	62	28	29	30
Gene_0775	4	6	5	1	5	8	2	6
Gene_0776	13	36	31	31	128	155	158	80
Gene_0777	7	7	4	3	10	6	7	4
Gene_0778	5721	4123	2721	3663	4391	3563	4665	3762
Gene_0779	19	24	25	30	34	43	39	13
Gene_0780	7	3	11	15	13	11	9	9
Gene_0781	106	89	67	92	77	63	94	80
Gene_0782	194	207	286	209	357	232	253	372
Gene_0783	54	33	33	29	58	38	40	21
Gene_0784	53	56	49	63	46	40	52	60
Gene_0785	43	82	86	81	56	72	53	59
Gene_0786	637	785	786	1135	359	418	544	242
Gene_0787	37	49	54	23	22	43	37	36
Gene_0788	229	160	199	183	233	170	142	204
Gene_0789	44	52	54	74	154	196	162	191
Gene_0790	1	0	1	0	0	0	0	1
Gene_0791	67	44	44	58	50	51	35	28
Gene_0792	266	318	212	192	308	318	272	269
Gene_0793	26	22	14	23	11	10	12	9
Gene_0794	30101	44286	35347	37546	11122	8906	10867	10347
Gene_0795	908	663	1056	1147	944	928	696	998
Gene_0796	148	146	134	123	172	129	230	152
Gene_0797	179	195	195	202	492	449	698	841
Gene_0798	16	18	14	13	22	12	18	29
Gene_0799	0	1	2	1	0	0	1	2
Gene_0800	1923	1405	1906	3241	2126	1673	2178	2349
Gene_0801	118	60	96	68	61	121	66	89
Gene_0802	0	1	1	1	2	1	0	0
Gene_0803	199	209	183	139	193	145	204	277
Gene_0804	7530	9300	8213	6809	7913	9974	7824	7539
Gene_0805	45	70	47	43	32	53	89	75
Gene_0806	352	387	413	286	383	271	513	446
Gene_0807	160	85	114	100	163	143	187	121
Gene_0808	2679	2910	5007	4625	3230	3747	3842	3770
Gene_0809	105	60	133	106	117	73	105	85
Gene_0810	2493	1510	2712	2767	2095	2012	1972	2269
Gene_0811	8	5	6	1	7	8	5	8
Gene_0812	11	17	17	10	12	13	12	8
Gene_0813	118	116	83	92	102	75	166	95
Gene_0814	383	251	229	431	144	120	108	124
Gene_0815	1	2	1	1	1	2	1	0
Gene_0816	16	24	16	24	16	23	16	27
Gene_0817	1871	3909	2129	2922	2199	2777	2342	2603
Gene_0818	889	899	617	402	675	779	536	588
Gene_0819	54	64	28	31	24	42	61	26
Gene_0820	57	46	35	65	60	59	27	47
Gene_0821	1037	524	666	604	685	719	851	662
Gene_0822	1	2	1	0	1	0	2	1
Gene_0823	20917	13465	15304	17215	10496	12628	11754	14484
Gene_0824	99	116	120	95	77	128	132	114
Gene_0825	2	0	0	2	0	0	1	1
Gene_0826	1	0	3	1	1	3	1	1
Gene_0827	1	1	2	0	0	1	1	1
Gene_0828	248	290	273	298	272	361	309	408
Gene_0829	19679	16874	16801	15226	6389	5916	5306	7158
Gene_0830	4	5	2	1	4	2	2	2
Gene_0831	9	7	15	10	16	6	11	4
Gene_0832	21	7	13	8	15	20	25	20
Gene_0833	128	102	93	102	119	89	83	110
Gene_0834	1	0	0	0	0	0	0	1
Gene_0835	122	208	128	158	166	155	86	152
Gene_0836	373	403	207	304	376	384	394	282
Gene_0837	1633	1353	1487	1126	5617	6135	5905	7422
Gene_0838	63	54	52	82	31	68	90	48
Gene_0839	145	180	126	133	171	152	234	79
Gene_0840	9	13	5	9	13	7	11	5
Gene_0841	3	1	0	2	0	0	1	0
Gene_0842	430	352	406	425	420	451	486	451
Gene_0843	408	419	311	298	317	271	383	333
Gene_0844	1834	962	1419	1499	7715	8540	8247	7647
Gene_0845	90	71	89	97	102	42	103	95
Gene_0846	1	0	1	0	1	0	0	2
Gene_0847	10823	11733	13125	5289	5621	11404	7612	10504
Gene_0848	34	35	32	33	31	28	31	25
Gene_0849	6	4	2	5	3	5	6	5
Gene_0850	0	1	1	0	1	0	2	0
Gene_0851	46	51	48	43	116	182	186	264
Gene_0852	0	0	0	0	0	0	0	1
Gene_0853	37	25	49	46	22	55	48	54
Gene_0854	0	1	0	1	0	1	0	0
Gene_0855	4	4	9	12	11	3	6	6
Gene_0856	59	34	57	60	39	35	35	45
Gene_0857	99	62	50	50	22	30	41	18
Gene_0858	135	239	123	141	532	652	833	447
Gene_0859	62	69	47	83	58	105	81	85
Gene_0860	806	742	801	884	941	892	690	802
Gene_0861	9237	20640	21569	17160	16558	17436	13672	21583
Gene_0862	4	6	10	7	25	20	24	35
Gene_0863	581	728	866	618	1013	625	438	617
Gene_0864	1	2	0	2	2	2	0	0
Gene_0865	22	11	15	24	15	12	11	13
Gene_0866	98	95	80	99	133	101	108	103
Gene_0867	106	105	203	121	86	188	127	117
Gene_0868	306	242	278	274	236	216	244	275
Gene_0869	778	738	703	753	781	972	1189	1247
Gene_0870	463	368	405	357	437	277	419	430
Gene_0871	279	228	333	353	300	234	287	177
Gene_0872	229	285	168	107	55	72	72	67
Gene_0873	105	148	83	85	11	31	27	39
Gene_0874	12	22	28	14	17	18	18	5
Gene_0875	8	6	9	14	13	9	15	11
Gene_0876	37	42	38	51	34	34	57	51
Gene_0877	170	204	199	184	233	204	168	181
Gene_0878	37	39	30	45	28	46	37	53
Gene_0879	61	79	60	41	91	57	77	56
Gene_0880	125	102	161	157	90	85	97	81
Gene_0881	95	84	104	104	48	60	70	97
Gene_0882	3430	2818	2732	2975	4380	2287	4080	3971
Gene_0883	8863	10242	7597	7527	9104	8843	5773	8594
Gene_0884	207	196	140	154	240	160	264	137
Gene_0885	93	70	97	79	59	94	103	65
Gene_0886	4028	3686	4608	2903	9821	9119	20050	14756
Gene_0887	1894	2675	3232	1625	2045	3253	2361	2543
Gene_0888	778	659	1015	874	2045	2559	2900	2322
Gene_0889	574	769	750	697	966	625	890	606
Gene_0890	1280	1566	1635	929	1232	1241	1900	1772
Gene_0891	2	0	1	5	2	1	4	0
Gene_0892	25	21	19	23	19	27	21	27
Gene_0893	16	26	28	26	52	37	43	28
Gene_0894	240	180	185	261	170	169	328	169
Gene_0895	1	0	1	1	0	2	3	0
Gene_0896	1165	2081	1390	1281	1571	1693	1508	2679
Gene_0897	394	506	446	646	284	210	175	182
Gene_0898	45	54	35	39	56	48	53	65
Gene_0899	4	2	1	1	1	4	0	1
Gene_0900	347	497	443	248	331	487	429	341
Gene_0901	0	0	0	0	0	0	0	0
Gene_0902	505	394	516	300	433	338	327	286
Gene_0903	680	669	663	476	399	385	548	469
Gene_0904	6	7	6	11	12	10	8	16
Gene_0905	8	5	4	2	12	3	7	4
Gene_0906	1378	1519	1138	940	1565	1704	1138	1329
Gene_0907	30	30	28	37	34	34	33	59
Gene_0908	33	19	25	36	21	18	25	18
Gene_0909	10	14	24	15	9	16	9	10
Gene_0910	5	4	4	7	6	3	2	4
Gene_0911	4	4	2	3	1	1	0	3
Gene_0912	45	53	57	55	14	11	18	14
Gene_0913	1	0	3	2	1	1	1	1
Gene_0914	24	25	22	24	27	16	40	25
Gene_0915	6387	7681	5252	4391	9674	9493	5825	6690
Gene_0916	201	175	143	224	222	265	202	240
Gene_0917	9477	6711	8683	7433	8295	7907	5921	7964
Gene_0918	5	9	5	9	7	15	8	7
Gene_0919	3647	3579	3889	2943	2257	3509	3631	3455
Gene_0920	8970	5544	5803	5034	8570	5521	8197	6621
Gene_0921	1474	3064	2894	2650	2121	2496	1732	2704
Gene_0922	528	646	454	579	792	619	703	490
Gene_0923	58	76	94	84	86	54	74	48
Gene_0924	347	456	307	251	550	352	337	403
Gene_0925	3255	2361	3090	2384	2677	2710	3504	3433
Gene_0926	4175	5450	4311	3751	1188	2061	986	1481
Gene_0927	293	319	232	163	222	227	238	217
Gene_0928	42	42	27	40	44	24	28	27
Gene_0929	78	50	55	77	243	164	191	202
Gene_0930	4745	6513	3871	6134	9230	6863	3883	5053
Gene_0931	1	1	0	1	2	0	2	0
Gene_0932	4	4	4	4	1	2	2	2
Gene_0933	142	172	204	211	133	206	172	242
Gene_0934	1859	1635	1924	1565	1648	1564	2064	1494
Gene_0935	171	220	120	159	165	215	306	164
Gene_0936	815	818	867	994	773	481	606	757
Gene_0937	3	1	1	0	0	1	0	0
Gene_0938	232	283	359	310	82	68	78	44
Gene_0939	9	14	9	13	17	13	18	20
Gene_0940	1285	2023	866	1625	1687	1397	1835	2068
Gene_0941	47	33	53	45	41	57	37	39
Gene_0942	3333979	2786548	4917026	3827197	4216294	4409908	4810032	4737765
Gene_0943	10311	12783	12102	10365	8362	8394	13922	9464
Gene_0944	12	25	20	18	21	19	13	12
Gene_0945	2459	2150	1682	4016	3347	2322	2944	2381
Gene_0946	208	194	189	162	242	235	211	180
Gene_0947	51	50	38	25	35	81	49	33
Gene_0948	49	54	39	40	47	53	33	56
Gene_0949	8	8	8	6	2	5	12	6
Gene_0950	155	147	143	101	203	157	142	213
Gene_0951	237	327	349	224	380	184	268	387
Gene_0952	12	14	15	13	12	8	18	13
Gene_0953	19	20	11	9	13	17	7	11
Gene_0954	2269	3468	1547	1438	2106	2325	1954	1946
Gene_0955	25	15	13	28	18	19	21	18
Gene_0956	3	3	4	3	1	1	2	3
Gene_0957	14	20	25	22	16	23	23	19
Gene_0958	0	1	0	0	0	0	0	0
Gene_0959	45403	43528	35623	38970	33272	42184	34977	35500
Gene_0960	79	80	62	110	79	106	111	78
Gene_0961	3310	1711	3165	2197	3155	2467	3097	3367
Gene_0962	158	139	186	123	110	67	104	98
Gene_0963	2	1	2	0	3	0	2	1
Gene_0964	139	156	164	118	107	118	197	110
Gene_0965	1513	1139	945	1529	618	773	1084	1570
Gene_0966	3	3	4	4	7	5	5	3
Gene_0967	192	260	307	293	192	208	230	288
Gene_0968	10	13	16	13	6	2	9	3
Gene_0969	145	174	160	106	164	143	118	180
Gene_0970	272	173	250	296	297	201	302	483
Gene_0971	5	9	9	4	16	11	8	6
Gene_0972	48	48	42	79	260	227	278	231
Gene_0973	170	246	300	286	319	351	335	205
Gene_0974	5	1	4	2	1	1	2	0
Gene_0975	354	331	343	309	477	269	484	412
Gene_0976	0	0	1	0	1	0	2	0
Gene_0977	0	0	1	1	1	0	0	0
Gene_0978	132	241	166	118	159	310	150	262
Gene_0979	58	48	47	68	41	54	53	50
Gene_0980	2724	1945	1161	2396	1725	2415	3942	1640
Gene_0981	1507	1085	913	1150	1161	831	1139	944
Gene_0982	31	7	12	14	53	42	55	64
Gene_0983	84	73	67	58	66	82	77	49
Gene_0984	7834	7696	7848	6265	3212	2173	1759	2783
Gene_0985	1	7	5	5	5	11	5	3
Gene_0986	3	1	3	4	4	1	1	1
Gene_0987	73	99	91	75	67	118	51	40
Gene_0988	471	589	492	567	655	421	525	487
Gene_0989	3205	2331	3070	1713	3303	2274	2538	3073
Gene_0990	11	12	12	6	10	11	9	3
Gene_0991	1145	1029	1102	813	960	563	627	957
Gene_0992	47	68	60	72	52	104	44	61
Gene_0993	314	427	473	445	211	421	332	329
Gene_0994	2569	4511	3318	2581	3109	2917	2019	2929
Gene_0995	0	0	0	0	0	0	0	0
Gene_0996	0	0	0	0	0	1	1	0
Gene_0997	2838	2603	1930	2126	2097	2052	2495	2256
Gene_0998	2	1	0	0	0	0	0	0
Gene_0999	78	107	96	120	156	98	60	96
Gene_1000	448	310	337	602	316	479	335	442
Gene_1001	34	15	31	24	19	15	24	21
Gene_1002	262	287	278	309	197	294	160	257
Gene_1003	179	126	108	89	217	153	91	138
Gene_1004	2433	1181	2789	1845	8583	9606	7359	8543
Gene_1005	2159	2939	1829	2225	731	433	996	643
Gene_1006	64	60	53	42	42	63	62	65
Gene_1007	0	0	0	0	0	0	0	0
Gene_1008	2	2	1	1	0	0	1	0
Gene_1009	7866	6965	6087	6324	8354	9589	3662	9702
Gene_1010	2063	2889	2424	2542	2636	1507	2769	2393
Gene_1011	2156	2635	2194	1505	2672	2622	2764	2432
Gene_1012	25	29	22	24	15	37	34	23
Gene_1013	1003	1364	1195	639	828	1715	1001	1167
Gene_1014	16	24	17	29	28	23	20	36
Gene_1015	144	217	144	125	159	207	213	144
Gene_1016	38	35	24	49	25	45	42	28
Gene_1017	4	8	5	5	26	3	21	14
Gene_1018	326	366	257	530	451	439	362	549
Gene_1019	1413	1433	1338	1178	1478	951	1626	1715
Gene_1020	184	228	165	175	373	380	538	684
Gene_1021	6068	3461	3778	3631	4566	3703	4595	4129
Gene_1022	0	0	0	0	1	0	1	0
Gene_1023	1050	1578	1032	1693	969	1812	1420	1596
Gene_1024	0	0	0	4	1	3	1	0
Gene_1025	3019	2741	1958	3214	3953	1758	2814	2962
Gene_1026	2	4	2	3	7	4	8	7
Gene_1027	32	62	34	48	29	37	44	63
Gene_1028	4	0	2	1	2	2	4	4
Gene_1029	57	85	67	61	58	63	42	67
Gene_1030	168	232	278	174	158	256	247	210
Gene_1031	544	534	573	673	480	439	740	606
Gene_1032	2	2	3	3	5	1	6	0
Gene_1033	34	34	29	24	32	50	32	28
Gene_1034	4	6	3	14	26	20	25	26
Gene_1035	837	821	968	912	771	821	1030	909
Gene_1036	145	110	103	105	166	145	123	147
Gene_1037	52	46	60	40	69	53	62	34
Gene_1038	646	548	581	662	635	689	543	441
Gene_1039	5	10	7	10	7	10	6	13
Gene_1040	92	60	62	74	76	55	77	54
Gene_1041	20	21	36	21	28	29	29	31
Gene_1042	4	2	0	0	4	2	1	0
Gene_1043	105	134	77	89	85	114	96	92
Gene_1044	33	50	56	26	51	28	60	39
Gene_1045	33	41	27	42	20	42	31	36
Gene_1046	5	6	9	3	4	8	3	4
Gene_1047	231	169	339	226	264	411	167	217
Gene_1048	1	2	3	0	12	13	12	14
Gene_1049	30	25	19	43	141	140	177	174
Gene_1050	0	0	0	0	0	0	1	0
Gene_1051	21	19	13	20	25	24	36	20
Gene_1052	211	224	201	150	98	72	43	76
Gene_1053	55	58	80	57	46	44	52	79
Gene_1054	31	42	39	47	9	9	7	7
Gene_1055	113	90	73	134	81	118	139	145
Gene_1056	2922	3461	2591	2736	3461	2989	3183	2900
Gene_1057	64	46	98	70	74	70	43	76
Gene_1058	9	6	6	13	17	14	16	15
Gene_1059	30	44	70	29	42	55	65	50
Gene_1060	2	1	0	2	2	1	1	0
Gene_1061	3542	3979	5008	3054	4004	2981	4282	4217
Gene_1062	2	0	1	1	2	2	0	0
Gene_1063	30	39	35	30	32	37	28	28
Gene_1064	11	30	14	20	15	28	17	9
Gene_1065	3573	7015	5137	4556	5823	4637	6243	3787
Gene_1066	28	22	22	25	27	25	26	48
Gene_1067	0	0	0	0	0	0	0	0
Gene_1068	41	63	58	42	18	15	16	21
Gene_1069	1	3	0	3	2	2	1	0
Gene_1070	265	310	274	256	274	351	239	362
Gene_1071	17	20	32	16	12	16	13	32
Gene_1072	4	10	8	9	11	6	3	14
Gene_1073	920	651	579	668	648	536	723	1021
Gene_1074	13	6	25	15	18	19	7	10
Gene_1075	27	25	26	17	30	15	25	17
Gene_1076	454	395	356	260	386	310	327	467
Gene_1077	2	3	4	5	2	8	4	5
Gene_1078	426	752	730	786	315	568	606	735
Gene_1079	4	3	7	8	3	5	3	3
Gene_1080	1833	2519	2100	2561	804	734	934	745
Gene_1081	2066	1634	914	2275	2197	1934	1830	1968
Gene_1082	1	3	1	0	0	1	0	1
Gene_1083	1998	1909	1432	1776	700	672	588	706
Gene_1084	19	19	19	10	2	7	3	9
Gene_1085	36	30	21	11	23	24	17	38
Gene_1086	0	3	1	3	1	0	2	2
Gene_1087	1086	775	657	1311	941	797	972	1195
Gene_1088	1	3	2	0	1	1	1	0
Gene_1089	5	2	3	3	1	1	5	2
Gene_1090	0	0	0	0	0	0	0	0
Gene_1091	77	68	53	104	70	55	60	57
Gene_1092	652	471	671	797	2095	1512	2312	1390
Gene_1093	354	354	318	282	492	406	374	348
Gene_1094	277	159	246	217	194	267	165	190
Gene_1095	17	6	11	18	4	3	5	4
Gene_1096	124	130	172	137	292	168	190	212
Gene_1097	549	444	669	734	2601	3813	1962	3062
Gene_1098	136	157	110	77	126	153	123	164
Gene_1099	648	679	753	542	505	264	545	482
Gene_1100	100	151	206	188	54	49	34	51
Gene_1101	45	59	60	66	76	76	67	64
Gene_1102	3811	2851	3001	3488	3949	4670	4181	4322
Gene_1103	2642	1695	3258	2135	13191	7382	9103	8559
Gene_1104	246	243	179	330	313	248	241	280
Gene_1105	1380	1554	1767	1220	1683	2117	1968	1298
Gene_1106	99	120	185	133	99	145	132	129
Gene_1107	190	184	189	97	756	374	799	811
Gene_1108	5	8	5	3	9	5	9	5
Gene_1109	184	191	96	161	256	154	104	130
Gene_1110	38	69	45	33	44	41	30	57
Gene_1111	10186	11833	10535	13074	9316	11154	7418	8679
Gene_1112	30	22	21	30	5	10	12	11
Gene_1113	271	315	281	210	88	110	72	139
Gene_1114	82	62	59	70	108	110	75	72
Gene_1115	298168	379030	196185	304595	234848	228736	319035	354147
Gene_1116	25	23	13	29	15	12	29	17
Gene_1117	2183	2179	2996	1741	3149	2089	2300	1955
Gene_1118	209	308	242	246	294	283	248	280
Gene_1119	3091	3267	3536	4007	1861	2410	3523	2586
Gene_1120	19	25	30	18	21	18	19	24
Gene_1121	26777	24284	21875	28232	19447	23755	23740	19028
Gene_1122	1645	1405	1141	1425	1238	1217	1514	952
Gene_1123	244	484	406	293	375	311	307	364
Gene_1124	38274	43801	45611	36848	37322	53071	28872	47139
Gene_1125	339	318	381	390	339	364	362	530
Gene_1126	89	346	315	367	223	169	223	228
Gene_1127	216	254	240	265	240	222	236	215
Gene_1128	73	117	173	157	149	73	93	129
Gene_1129	313	559	336	330	293	463	375	496
Gene_1130	525	829	664	701	594	736	661	952
Gene_1131	299	214	283	227	211	178	205	254
Gene_1132	3712	2744	5847	2590	2627	3552	3106	4183
Gene_1133	1	8	2	7	7	5	2	3
Gene_1134	668	766	1007	386	456	343	813	497
Gene_1135	1545	1568	1747	1604	11378	5345	5554	6566
Gene_1136	2	0	0	4	1	1	0	1
Gene_1137	935	711	923	594	657	421	794	1016
Gene_1138	108	50	178	95	112	107	122	147
Gene_1139	325	638	529	640	553	412	353	550
Gene_1140	24	35	25	52	13	19	9	11
Gene_1141	19	29	29	13	21	33	37	47
Gene_1142	9	8	8	10	11	8	13	14
Gene_1143	8	9	12	8	6	9	14	8
Gene_1144	23	22	25	32	26	23	25	17
Gene_1145	17	36	34	30	38	33	58	57
Gene_1146	940	1094	1120	1334	1026	1033	766	840
Gene_1147	42	76	45	55	14	10	18	22
Gene_1148	0	0	0	0	1	0	0	0
Gene_1149	13	21	18	22	20	30	16	22
Gene_1150	2	0	0	1	1	0	0	0
Gene_1151	40523	44222	63737	36352	63291	46879	50657	41146
Gene_1152	1	1	3	1	1	0	3	5
Gene_1153	886	390	677	434	594	509	542	418
Gene_1154	1054	744	778	1146	973	1243	733	1119
Gene_1155	2233	2193	1263	1524	1942	2045	1704	1397
Gene_1156	926	868	1832	893	2703	5210	4665	3849
Gene_1157	55958	64550	59089	111140	65908	53293	46996	53357
Gene_1158	0	0	1	0	2	0	0	0
Gene_1159	8	14	11	6	12	11	11	6
Gene_1160	104	112	91	110	143	142	143	127
Gene_1161	25	19	38	39	5	12	10	11
Gene_1162	1473	1448	890	1891	1809	961	1393	1776
Gene_1163	56	106	149	105	114	112	123	97
Gene_1164	19	12	21	14	8	8	11	20
Gene_1165	11382	14091	17415	13400	11592	25155	14011	19503
Gene_1166	91	110	60	93	120	86	133	104
Gene_1167	7	7	5	9	3	0	6	2
Gene_1168	1053	1076	384	682	483	802	702	613
Gene_1169	7	17	7	14	11	18	15	9
Gene_1170	222	373	255	227	299	371	223	309
Gene_1171	811	864	1244	1573	975	1458	876	1097
Gene_1172	412	402	304	266	382	212	258	307
Gene_1173	8400	12819	8630	8786	10949	8649	12639	13189
Gene_1174	649	934	331	394	1806	2221	2088	2588
Gene_1175	1	0	2	2	4	6	0	3
Gene_1176	74	25	46	49	48	40	49	72
Gene_1177	616	614	538	683	666	605	669	556
Gene_1178	2	0	1	1	2	1	0	2
Gene_1179	0	0	0	0	1	0	0	0
Gene_1180	199	242	110	182	328	211	109	189
Gene_1181	152	165	162	105	162	124	176	73
Gene_1182	4	4	3	5	9	8	4	5
Gene_1183	1846	2015	1448	1934	1727	1638	1310	1584
Gene_1184	74	59	84	48	81	91	108	62
Gene_1185	10	8	12	15	8	7	7	13
Gene_1186	15263	17849	20053	18244	18145	20593	17951	13900
Gene_1187	8	2	6	3	6	6	6	4
Gene_1188	8	8	5	6	6	4	5	15
Gene_1189	1	3	4	0	4	22	7	13
Gene_1190	1113	915	1105	711	823	886	996	938
Gene_1191	2	8	4	2	4	6	0	4
Gene_1192	273	307	327	298	401	318	450	277
Gene_1193	6745	5451	4329	6210	2129	1470	1941	1534
Gene_1194	136	121	141	138	102	77	129	117
Gene_1195	24	20	34	21	21	19	32	27
Gene_1196	32	18	17	26	13	18	22	22
Gene_1197	0	0	0	0	1	0	0	1
Gene_1198	418	520	408	234	332	279	394	368
Gene_1199	427	328	292	269	226	471	313	360
Gene_1200	1242	719	1096	1321	1134	824	1571	1534
Gene_1201	8	18	14	13	15	22	21	18
Gene_1202	379	228	383	335	372	356	240	347
Gene_1203	13106	13152	13559	15720	56782	59081	45380	62517
Gene_1204	1	2	1	0	0	0	1	0
Gene_1205	2	3	1	1	3	4	5	7
Gene_1206	1977	1585	3027	2146	2689	2746	1825	3064
Gene_1207	12	15	12	17	5	9	6	12
Gene_1208	2788	2397	3689	2994	3122	2799	2608	2988
Gene_1209	336	373	225	375	354	315	266	233
Gene_1210	241	299	238	321	218	315	381	233
Gene_1211	4768	5558	4175	4307	4059	5721	2698	4843
Gene_1212	3	3	5	1	6	3	3	2
Gene_1213	1820	1444	2057	1686	1143	2214	1057	1409
Gene_1214	307504	267910	261821	266505	1320455	1295702	1182496	1022269
Gene_1215	78	66	77	60	44	62	88	89
Gene_1216	1234	1047	1243	1565	1402	1218	1519	1041
Gene_1217	0	1	0	0	1	0	0	0
Gene_1218	32225	45314	60096	29907	37470	47484	29288	41406
Gene_1219	336	359	481	432	289	427	316	452
Gene_1220	18	21	11	18	18	7	11	16
Gene_1221	71	85	100	97	102	63	55	66
Gene_1222	7	1	3	4	1	3	4	0
Gene_1223	6	12	9	6	17	6	16	6
Gene_1224	1	0	1	0	1	0	1	2
Gene_1225	14	20	20	15	19	25	22	8
Gene_1226	6	4	1	0	5	4	5	0
Gene_1227	125	136	103	153	150	150	105	90
Gene_1228	7528	5359	4151	3933	4516	6785	6030	4906
Gene_1229	1	2	0	2	0	0	0	2
Gene_1230	20	10	31	25	11	18	16	14
Gene_1231	25862	22373	22260	24062	20871	19403	23553	20583
Gene_1232	5	3	3	2	2	4	1	2
Gene_1233	4	2	6	3	6	0	2	5
Gene_1234	1078	1667	1144	1227	1137	1659	1261	1963
Gene_1235	29	26	24	21	38	22	24	21
Gene_1236	42	62	44	41	42	48	55	38
Gene_1237	7437	6145	8545	8310	4832	7649	12429	9153
Gene_1238	640	415	731	589	578	616	435	724
Gene_1239	86	80	69	120	71	95	64	68
Gene_1240	0	0	0	1	0	1	0	1
Gene_1241	6	6	2	11	9	10	15	9
Gene_1242	144	239	238	229	159	78	134	131
Gene_1243	112	189	126	136	71	167	129	147
Gene_1244	95	72	101	90	79	131	77	77
Gene_1245	0	0	0	0	0	0	0	2
Gene_1246	16	17	18	29	11	23	14	16
Gene_1247	329	447	358	209	1158	1058	1456	1707
Gene_1248	629	540	591	529	688	582	560	649
Gene_1249	4236	3915	5404	4208	5123	3909	2970	6155
Gene_1250	21	26	23	21	12	7	11	10
Gene_1251	32	37	39	35	28	26	46	19
Gene_1252	41	44	51	30	38	48	61	65
Gene_1253	17	10	14	21	12	18	11	19
Gene_1254	1630	1384	2367	1943	8895	9834	6557	7655
Gene_1255	388	475	506	347	515	416	402	531
Gene_1256	112	87	116	75	67	65	134	59
Gene_1257	3786	2955	1815	3479	1627	3335	3961	4834
Gene_1258	378	332	317	337	349	532	382	409
Gene_1259	170	178	212	128	178	266	119	168
Gene_1260	148	371	213	371	307	306	356	341
Gene_1261	720	840	851	741	1024	889	951	819
Gene_1262	0	0	1	1	1	1	0	0
Gene_1263	984	1205	997	1141	1011	802	1402	817
Gene_1264	483	493	357	415	434	224	286	301
Gene_1265	55	48	76	56	56	57	82	81
Gene_1266	238	212	259	195	128	243	246	124
Gene_1267	2	1	0	0	0	0	0	1
Gene_1268	67	54	95	104	91	92	63	73
Gene_1269	1	1	2	5	0	1	0	0
Gene_1270	180	204	187	165	212	195	154	180
Gene_1271	103	192	136	160	170	157	212	135
Gene_1272	0	0	2	0	1	3	0	2
Gene_1273	10	7	6	10	5	6	6	9
Gene_1274	74	55	57	75	69	59	110	65
Gene_1275	6	14	14	4	7	10	13	13
Gene_1276	138	146	145	275	147	149	158	200
Gene_1277	21	8	11	11	5	18	5	14
Gene_1278	3	5	1	4	2	6	2	3
Gene_1279	0	1	0	0	0	1	0	0
Gene_1280	19	22	12	37	28	27	6	18
Gene_1281	2966	4582	3243	2949	3749	4405	2405	3375
Gene_1282	80	84	64	115	145	91	120	78
Gene_1283	85	69	56	68	108	95	52	58
Gene_1284	20	7	4	13	11	14	17	15
Gene_1285	3	3	2	0	5	2	1	2
Gene_1286	4538	4324	4668	7486	4524	8116	9174	5472
Gene_1287	2	5	4	6	4	2	4	5
Gene_1288	52	52	50	41	73	59	60	58
Gene_1289	0	0	0	2	0	0	0	0
Gene_1290	295	276	397	520	325	387	421	304
Gene_1291	2	0	2	0	2	2	0	1
Gene_1292	156	236	246	264	91	105	78	87
Gene_1293	0	0	0	0	2	0	0	0
Gene_1294	12	16	13	14	9	12	12	7
Gene_1295	40	42	33	30	49	31	49	37
Gene_1296	0	0	0	0	0	0	0	0
Gene_1297	12583	10027	13926	11502	13724	11502	10219	11671
Gene_1298	14	13	25	19	21	17	10	14
Gene_1299	22	15	24	18	28	29	22	40
Gene_1300	2	2	7	0	3	1	1	1
Gene_1301	15	10	14	12	20	15	11	17
Gene_1302	3	2	7	3	8	2	4	2
Gene_1303	4102	3382	4989	5126	3066	5501	3976	5303
Gene_1304	2172	1957	2154	2030	2135	1552	1328	2084
Gene_1305	3	2	3	0	9	3	1	2
Gene_1306	143	103	106	147	106	203	163	222
Gene_1307	1311	1927	1524	1713	1470	1321	1647	2074
Gene_1308	5797	6050	5008	7830	7227	3471	6224	7473
Gene_1309	1	2	0	0	0	1	0	2
Gene_1310	450	437	518	333	121	161	119	141
Gene_1311	43	55	44	25	39	50	41	49
Gene_1312	146	118	134	112	158	119	115	127
Gene_1313	82	38	70	46	44	40	66	72
Gene_1314	2002	2211	2618	1772	1793	2108	2118	2044
Gene_1315	6	5	9	6	7	10	11	6
Gene_1316	7	3	8	6	6	8	3	3
Gene_1317	231	180	198	249	74	124	87	109
Gene_1318	38	79	89	66	73	54	83	48
Gene_1319	69	55	41	56	31	38	33	50
Gene_1320	252	176	305	244	214	303	231	266
Gene_1321	49	60	38	43	53	41	49	35
Gene_1322	1537	2007	1888	2000	1459	2852	2631	1581
Gene_1323	0	1	1	0	1	1	0	0
Gene_1324	380	747	805	663	165	310	279	276
Gene_1325	418	863	538	421	716	573	609	722
Gene_1326	20	24	12	22	10	14	21	16
Gene_1327	32	46	27	16	43	32	45	38
Gene_1328	2	4	1	1	18	8	5	9
Gene_1329	65	65	41	67	36	53	50	60
Gene_1330	646	512	261	448	558	692	707	357
Gene_1331	14	26	27	22	4	5	12	8
Gene_1332	1662	1368	1127	1262	1607	1869	1306	2344
Gene_1333	691	1251	822	701	990	1060	1135	968
Gene_1334	415	449	419	515	647	434	217	479
Gene_1335	1246	1096	735	821	974	1252	995	1100
Gene_1336	3799	6171	4121	4249	4982	4066	3138	3836
Gene_1337	19	21	19	26	22	31	21	23
Gene_1338	57	50	83	51	20	21	18	20
Gene_1339	385	447	712	396	321	331	426	354
Gene_1340	382	331	268	310	640	367	381	416
Gene_1341	116	133	71	112	53	43	40	25
Gene_1342	3	0	2	3	0	1	1	1
Gene_1343	0	0	0	0	0	0	0	0
Gene_1344	91	149	104	86	86	100	96	95
Gene_1345	120	109	128	124	83	95	95	123
Gene_1346	1	1	1	2	1	0	0	0
Gene_1347	33	42	39	27	43	54	29	28
Gene_1348	226	138	143	93	144	129	99	133
Gene_1349	38	68	44	75	175	117	239	226
Gene_1350	1	1	4	2	2	0	0	3
Gene_1351	6378	3901	5311	6475	22446	24330	30754	36959
Gene_1352	49	51	50	78	300	291	250	249
Gene_1353	17	15	10	16	20	21	22	13
Gene_1354	161	155	180	155	110	192	170	153
Gene_1355	1	2	1	1	1	3	1	1
Gene_1356	11155	6725	14754	8844	8553	7450	8093	7786
Gene_1357	1	0	0	0	0	0	0	0
Gene_1358	1	0	2	2	5	0	1	5
Gene_1359	5	10	6	9	6	6	11	5
Gene_1360	255	183	299	254	252	262	202	207
Gene_1361	263	201	203	214	192	234	98	182
Gene_1362	0	0	1	0	0	0	0	0
Gene_1363	14	8	9	7	7	13	17	9
Gene_1364	6456	7918	7039	6604	5213	7811	5787	4836
Gene_1365	1	2	1	3	1	6	4	1
Gene_1366	569	753	680	679	744	838	594	650
Gene_1367	4131	4725	4298	4967	4125	4105	6001	3658
Gene_1368	122	81	148	148	41	38	30	43
Gene_1369	6	6	7	4	4	6	2	3
Gene_1370	144696	100949	96148	107958	76326	94638	126707	99721
Gene_1371	22	39	32	27	95	146	122	138
Gene_1372	1	1	2	1	2	1	0	0
Gene_1373	3	2	1	2	4	6	5	1
Gene_1374	11	8	13	8	32	42	48	26
Gene_1375	1300	2713	2566	2631	2777	2845	2508	2074
Gene_1376	490	406	536	522	304	574	514	450
Gene_1377	21	27	16	21	23	20	28	12
Gene_1378	1791	2113	1809	2168	2171	2986	2422	2523
Gene_1379	9	9	5	10	14	12	16	14
Gene_1380	0	2	0	0	3	3	0	2
Gene_1381	36	47	33	31	43	44	44	27
Gene_1382	451	543	599	404	469	527	500	524
Gene_1383	602	626	523	620	679	572	434	500
Gene_1384	41	22	44	26	31	26	25	20
Gene_1385	64	72	41	57	63	61	45	55
Gene_1386	349	390	439	230	364	242	259	327
Gene_1387	0	0	0	0	0	0	2	0
Gene_1388	4	3	6	2	1	4	1	0
Gene_1389	984	1795	1409	1594	819	1181	1756	1326
Gene_1390	2149	1447	2778	2548	3430	2407	1565	2380
Gene_1391	459	536	363	412	408	685	451	344
Gene_1392	82	80	82	63	138	62	106	91
Gene_1393	217	194	129	184	226	186	162	195
Gene_1394	228	194	220	221	1200	1278	1304	1067
Gene_1395	12	15	6	11	14	5	25	10
Gene_1396	777	533	489	759	559	754	442	654
Gene_1397	3	1	2	1	1	1	2	2
Gene_1398	75	84	133	127	83	103	134	161
Gene_1399	279	389	263	230	306	242	276	170
Gene_1400	2360	2736	1987	1996	8992	7340	7526	9235
Gene_1401	46101	36758	64506	41521	47921	34005	38457	31665
Gene_1402	0	2	1	2	5	2	1	2
Gene_1403	1375	1592	1107	1509	1064	1400	1320	1158
Gene_1404	43	63	72	88	57	86	30	55
Gene_1405	1307	519	1058	608	847	1109	636	796
Gene_1406	238	155	267	274	292	152	242	253
Gene_1407	40	75	48	51	56	49	84	52
Gene_1408	8001	24510	7725	14205	12207	10857	15417	15094
Gene_1409	1633	1472	1270	872	972	1119	1686	1785
Gene_1410	3	3	7	9	8	1	3	7
Gene_1411	335	340	207	264	241	239	174	234
Gene_1412	390	319	324	383	541	281	238	392
Gene_1413	232	143	206	178	134	181	242	219
Gene_1414	0	1	1	1	0	0	0	0
Gene_1415	15	36	41	20	16	19	11	24
Gene_1416	91	54	52	49	81	48	69	100
Gene_1417	193	171	307	184	247	139	156	198
Gene_1418	0	3	2	2	3	4	0	3
Gene_1419	24	24	27	18	23	27	23	26
Gene_1420	1300	1261	649	758	1060	665	723	837
Gene_1421	1	1	0	0	1	0	0	0
Gene_1422	5	4	6	5	2	6	2	3
Gene_1423	10	9	8	2	9	2	4	3
Gene_1424	28	30	39	40	38	34	22	36
Gene_1425	9	12	12	13	8	10	6	7
Gene_1426	22	17	30	27	154	77	76	153
Gene_1427	10	11	11	23	26	19	25	12
Gene_1428	398	312	452	265	246	327	412	323
Gene_1429	888	591	796	495	607	453	518	643
Gene_1430	41	61	78	83	81	111	76	39
Gene_1431	8	17	17	16	13	6	13	14
Gene_1432	2168	1992	1688	2511	1304	2294	1367	2261
Gene_1433	52812	70712	32747	51795	33196	49148	32542	54054
Gene_1434	29253	36035	25418	27582	27514	27545	31181	24939
Gene_1435	117	200	156	183	202	235	154	218
Gene_1436	14	15	17	14	20	17	13	15
Gene_1437	0	0	0	0	0	0	0	1
Gene_1438	5	3	2	2	2	1	3	1
Gene_1439	179	113	213	306	90	107	59	118
Gene_1440	2066	1302	1945	1473	2845	1432	2422	2715
Gene_1441	1	1	0	1	0	0	0	0
Gene_1442	2	4	6	1	3	8	2	1
Gene_1443	45	39	36	28	44	36	42	45
Gene_1444	6611	6455	5919	8371	8718	4167	5437	5606
Gene_1445	25963	31904	25021	21763	20555	33394	21239	32710
Gene_1446	194	207	126	204	162	143	181	104
Gene_1447	366	322	236	215	325	286	202	297
Gene_1448	3	0	1	2	1	2	3	1
Gene_1449	860	756	652	470	2669	3014	2614	3165
Gene_1450	8	3	4	5	0	1	5	3
Gene_1451	2	0	0	0	0	0	0	0
Gene_1452	20	19	30	19	19	28	21	11
Gene_1453	102	61	130	135	107	74	94	108
Gene_1454	318	281	312	352	216	201	275	220
Gene_1455	50	67	61	42	77	49	54	78
Gene_1456	4	3	2	6	3	3	3	0
Gene_1457	2924	4947	3231	3420	10303	7977	15034	15898
Gene_1458	108	55	78	105	26	23	31	31
Gene_1459	2	0	0	0	1	0	0	0
Gene_1460	129	95	57	85	42	31	26	28
Gene_1461	1	1	2	2	0	3	2	5
Gene_1462	11	19	11	19	11	14	8	5
Gene_1463	380	497	453	498	568	628	458	632
Gene_1464	7028	5982	4634	7490	6086	6285	6339	5371
Gene_1465	24663	36815	18636	46145	35384	24915	33894	31579
Gene_1466	35	20	33	18	141	141	164	118
Gene_1467	6	13	6	8	7	7	4	13
Gene_1468	9	5	6	9	2	2	0	5
Gene_1469	13	7	5	15	1	12	5	18
Gene_1470	615	798	606	640	687	602	541	597
Gene_1471	753	757	844	668	287	296	274	213
Gene_1472	473	493	441	478	500	282	539	329
Gene_1473	9	16	9	6	10	16	5	15
Gene_1474	102	123	149	146	140	129	61	143
Gene_1475	888	503	580	555	651	692	843	486
Gene_1476	406	303	294	364	279	405	238	326
Gene_1477	12590	16983	16639	8342	8310	20869	13557	16390
Gene_1478	33	11	32	32	36	17	48	34
Gene_1479	0	0	1	0	1	0	0	0
Gene_1480	13	8	11	14	9	9	13	12
Gene_1481	141	123	340	271	53	63	87	78
Gene_1482	88971	80674	72966	81831	93089	86625	75700	74748
Gene_1483	2521	1801	1771	1396	2388	2583	2945	2702
Gene_1484	1	2	0	1	6	2	3	2
Gene_1485	0	0	0	0	0	0	1	0
Gene_1486	1397	1535	1400	1206	2313	1005	1241	1601
Gene_1487	35	55	51	39	55	48	39	36
Gene_1488	1464	1173	1728	1255	1352	1258	1008	1561
Gene_1489	10	7	13	12	13	13	8	9
Gene_1490	14	16	12	9	8	15	11	12
Gene_1491	408	261	744	597	182	171	122	165
Gene_1492	1460	1142	1505	1888	11107	6117	8926	7936
Gene_1493	0	2	2	1	3	1	0	0
Gene_1494	154	203	317	185	342	250	268	258
Gene_1495	82	86	92	103	124	100	126	81
Gene_1496	41	49	48	39	171	279	215	254
Gene_1497	160	226	271	238	681	1080	684	807
Gene_1498	263	273	309	258	207	253	234	267
Gene_1499	363	531	278	248	125	84	144	154
Gene_1500	761	1479	985	1357	663	1013	963	1111
Gene_1501	114	147	94	111	121	129	104	98
Gene_1502	48	84	42	53	79	73	43	54
Gene_1503	830	638	426	432	2215	2976	1439	1627
Gene_1504	2246	1904	2330	2768	3426	2493	1613	2326
Gene_1505	1378	1016	1586	1520	616	494	547	567
Gene_1506	1495	1166	1173	1268	1213	1421	1063	1417
Gene_1507	20	15	16	7	19	14	12	14
Gene_1508	30721	37137	58303	52204	31700	56068	35455	36538
Gene_1509	54	66	66	46	81	65	42	51
Gene_1510	1	3	0	0	3	1	0	0
Gene_1511	0	0	1	0	1	0	1	1
Gene_1512	261	196	181	202	257	176	183	211
Gene_1513	1	1	1	0	0	2	0	0
Gene_1514	176	207	116	163	163	156	230	275
Gene_1515	146904	93502	205556	114364	133142	150778	82727	113347
Gene_1516	5	4	8	5	8	7	13	8
Gene_1517	869	1312	1085	1824	1186	1069	862	672
Gene_1518	61	49	63	86	48	37	61	78
Gene_1519	0	0	0	0	0	0	0	1
Gene_1520	266	293	217	217	256	418	194	267
Gene_1521	2461	2327	2200	2593	2355	3410	1506	2404
Gene_1522	179	156	172	94	88	64	41	46
Gene_1523	24	18	37	26	21	27	17	25
Gene_1524	28	18	38	26	135	73	149	133
Gene_1525	151	101	141	147	114	138	169	104
Gene_1526	16553	17955	19170	22719	11812	16078	23243	18088
Gene_1527	2	1	2	0	1	0	1	0
Gene_1528	14176	18035	13129	13472	13852	15822	17629	17459
Gene_1529	948	945	969	1356	987	1062	1016	811
Gene_1530	7	11	4	11	10	16	7	20
Gene_1531	322	324	184	305	254	405	335	218
Gene_1532	705	816	1102	851	953	995	620	1181
Gene_1533	16	7	8	13	11	8	5	3
Gene_1534	293	312	317	249	248	211	304	220
Gene_1535	525	279	397	447	326	284	440	487
Gene_1536	7	5	1	1	23	18	29	22
Gene_1537	5	0	1	1	0	0	1	0
Gene_1538	1	1	1	0	9	11	11	2
Gene_1539	133491	82397	63679	100132	323902	356117	338372	353228
Gene_1540	4816	7465	4688	4429	1839	1684	2110	1857
Gene_1541	4	4	6	4	5	13	3	7
Gene_1542	338	423	443	283	418	385	719	334
Gene_1543	5294	6285	4359	4614	4519	4486	3608	2804
Gene_1544	10	8	9	7	16	9	19	3
Gene_1545	878	809	932	569	778	964	652	932
Gene_1546	574	559	502	685	616	533	612	529
Gene_1547	5	3	1	4	5	6	4	6
Gene_1548	352	380	230	153	253	384	449	348
Gene_1549	102	65	67	67	64	50	52	48
Gene_1550	82	59	80	110	74	136	67	113
Gene_1551	2001	2117	1720	1408	1776	2272	2219	2557
Gene_1552	1530	1414	1031	1756	997	942	835	1442
Gene_1553	123	120	56	68	278	393	463	440
Gene_1554	2156	1692	1841	1358	1497	1956	1378	1999
Gene_1555	1026	671	704	1073	892	698	1068	750
Gene_1556	170	191	230	148	1100	1093	746	701
Gene_1557	0	1	0	0	0	0	0	0
Gene_1558	40	44	42	57	268	142	108	137
Gene_1559	21	40	22	50	22	43	34	59
Gene_1560	5	6	8	2	4	7	11	9
Gene_1561	0	0	1	1	0	1	0	0
Gene_1562	2873	3829	4813	5743	5629	4567	4836	3742
Gene_1563	44	49	60	49	25	46	59	43
Gene_1564	34	62	21	49	184	161	158	292
Gene_1565	1	4	4	2	8	5	9	3
Gene_1566	29	23	21	23	21	21	22	37
Gene_1567	2	4	3	0	0	0	2	2
Gene_1568	3872	2242	2011	2031	3593	2155	2015	2024
Gene_1569	274	438	308	272	1360	1172	941	1424
Gene_1570	5	6	4	7	10	8	4	12
Gene_1571	493	348	392	312	404	446	440	424
Gene_1572	0	1	3	1	1	2	0	4
Gene_1573	1988	2707	2098	2989	1460	2226	2277	1942
Gene_1574	2079	1520	1619	1913	1490	1432	2111	1581
Gene_1575	589	989	863	1169	1214	1754	892	919
Gene_1576	27	21	33	26	12	17	29	20
Gene_1577	87	101	69	72	75	67	58	86
Gene_1578	5	10	5	2	5	6	9	9
Gene_1579	14526	10735	11397	12605	5545	3977	3927	5261
Gene_1580	3618	2889	5628	4308	4504	4851	5082	3342
Gene_1581	94	112	102	119	164	124	96	148
Gene_1582	2858	3139	2968	2961	2884	3087	1794	3468
Gene_1583	35	35	30	27	22	32	40	42
Gene_1584	290	372	450	316	461	366	452	436
Gene_1585	6	0	1	8	3	5	1	3
Gene_1586	125	88	97	98	105	88	133	101
Gene_1587	4578	4863	5795	5341	6989	5189	3030	2925
Gene_1588	43898	58693	45172	49593	32846	46485	86794	62958
Gene_1589	509	728	730	652	681	846	665	419
Gene_1590	19	27	29	13	20	24	20	19
Gene_1591	5	11	14	13	12	9	20	9
Gene_1592	0	1	0	0	0	1	4	1
Gene_1593	0	2	0	2	0	1	0	0
Gene_1594	819	1071	1005	927	626	671	1047	749
Gene_1595	211	208	195	259	1704	1526	1543	1133
Gene_1596	0	0	0	0	2	0	1	0
Gene_1597	8	13	10	4	8	10	13	6
Gene_1598	11	17	8	9	11	8	15	20
Gene_1599	119	187	210	175	147	147	213	228
Gene_1600	34	26	22	16	16	17	21	14
Gene_1601	10010	4980	7725	6089	9793	7185	9008	6315
Gene_1602	34	25	26	25	173	115	149	148
Gene_1603	36	40	34	42	46	39	24	36
Gene_1604	83	38	68	126	47	65	82	45
Gene_1605	39	64	51	55	57	60	54	109
Gene_1606	2415	1791	2751	2028	751	747	829	813
Gene_1607	682	695	923	597	807	657	494	945
Gene_1608	7	7	6	6	7	6	9	5
Gene_1609	5	8	5	11	3	5	4	5
Gene_1610	15	20	9	10	20	5	28	16
Gene_1611	498	425	695	810	509	786	511	346
Gene_1612	1708	1506	1510	1894	1153	1816	2064	2740
Gene_1613	122	133	113	123	182	114	112	228
Gene_1614	0	2	3	1	5	9	2	6
Gene_1615	352	255	212	177	183	252	222	175
Gene_1616	107	106	117	78	424	363	441	315
Gene_1617	3	0	7	3	12	8	8	4
Gene_1618	935	705	1683	1602	1208	982	1675	1327
Gene_1619	0	0	0	0	0	0	0	0
Gene_1620	73	117	128	114	108	111	118	100
Gene_1621	1126	1194	904	1141	858	966	970	976
Gene_1622	50	44	65	44	55	31	52	101
Gene_1623	1149	1744	2130	2182	7142	6010	9248	6963
Gene_1624	6	17	9	8	13	17	11	4
Gene_1625	1975	1221	1613	1046	1651	1669	1256	2061
Gene_1626	596	176	325	412	313	231	261	457
Gene_1627	7428	7003	20000	12377	14957	16563	18642	11878
Gene_1628	105	155	176	111	101	139	135	110
Gene_1629	77	69	65	74	100	124	92	84
Gene_1630	0	1	0	0	0	0	0	0
Gene_1631	1517	1723	1862	2213	1749	1765	1443	1493
Gene_1632	152	94	98	121	119	91	70	80
Gene_1633	44	49	35	31	41	42	49	53
Gene_1634	2924	5023	3683	4071	3569	4872	4716	3550
Gene_1635	117	120	98	106	95	97	145	101
Gene_1636	2	2	2	5	4	2	3	1
Gene_1637	8217	6449	4661	6066	6758	5361	5436	7623
Gene_1638	2	0	0	1	0	0	1	1
Gene_1639	63	59	56	85	64	46	64	53
Gene_1640	203	145	130	130	103	100	171	164
Gene_1641	305	200	214	238	296	224	202	265
Gene_1642	102	99	86	144	61	94	64	61
Gene_1643	2013	2691	2700	3194	1138	1340	1721	1120
Gene_1644	1	1	0	0	0	0	0	0
Gene_1645	110	119	133	143	94	150	152	114
Gene_1646	1208	1169	1408	1130	845	1271	1107	1035
Gene_1647	64	73	60	102	52	57	50	65
Gene_1648	4	4	5	2	3	1	0	6
Gene_1649	1491	1042	1169	1297	1389	1540	959	1509
Gene_1650	3	6	4	6	5	6	5	10
Gene_1651	683	562	951	447	716	947	1143	770
Gene_1652	683	499	593	300	488	354	413	499
Gene_1653	7	7	1	7	8	8	8	6
Gene_1654	356	566	521	750	364	916	735	582
Gene_1655	4234	5606	5536	5858	4321	6527	6277	6289
Gene_1656	29	21	21	35	56	33	52	26
Gene_1657	1327	968	1137	1197	1152	1462	1133	946
Gene_1658	59	71	59	65	56	52	69	70
Gene_1659	200	141	315	273	1026	638	675	854
Gene_1660	151350	171716	185461	117289	121713	194473	199565	202303
Gene_1661	12	8	11	10	9	3	10	8
Gene_1662	119	66	89	80	69	81	47	97
Gene_1663	3109	1497	2238	1881	1981	2392	2071	2055
Gene_1664	14	22	22	11	13	16	9	11
Gene_1665	15	12	15	8	13	12	9	6
Gene_1666	244035	225151	285407	293537	437678	385518	370547	302756
Gene_1667	16	20	12	21	16	23	16	12
Gene_1668	2041	1780	3004	3098	2652	2183	1451	2666
Gene_1669	4	6	6	11	10	6	3	11
Gene_1670	0	3	3	2	4	0	1	2
Gene_1671	17	15	17	23	20	22	16	13
Gene_1672	1397	941	1843	1747	2362	2071	1586	1114
Gene_1673	13	11	11	17	11	10	7	11
Gene_1674	0	0	0	1	1	0	1	2
Gene_1675	82	129	119	166	101	120	90	126
Gene_1676	74	62	82	48	38	15	17	24
Gene_1677	59	127	95	134	99	70	110	160
Gene_1678	35	61	37	46	32	31	27	37
Gene_1679	5	12	16	21	16	16	22	10
Gene_1680	18	7	14	30	20	19	18	30
Gene_1681	116	62	60	97	88	58	92	68
Gene_1682	4474	4468	3236	4480	6796	4280	4430	4359
Gene_1683	12	17	32	35	38	14	23	42
Gene_1684	449	254	416	586	302	405	381	489
Gene_1685	60	42	47	47	41	34	39	24
Gene_1686	10	12	14	5	5	10	12	11
Gene_1687	213	156	344	234	173	250	276	323
Gene_1688	5	0	1	0	1	2	5	1
Gene_1689	1634	1543	1795	1783	1904	1485	2036	2639
Gene_1690	4	2	3	4	1	1	1	1
Gene_1691	0	0	2	1	2	0	0	1
Gene_1692	12	7	12	18	14	11	8	17
Gene_1693	93197	74358	60694	101480	88462	66311	108493	90817
Gene_1694	800	965	1033	723	701	825	634	1387
Gene_1695	8	5	6	11	36	36	39	46
Gene_1696	893	1525	1263	1456	1201	934	1569	1588
Gene_1697	249	206	117	130	184	255	171	142
Gene_1698	887	848	790	472	570	575	793	907
Gene_1699	1194	1129	1041	835	345	385	393	310
Gene_1700	656	631	491	545	690	482	511	586
Gene_1701	80	90	83	97	108	92	75	96
Gene_1702	3422	4216	3351	3692	2085	2817	2496	4214
Gene_1703	12	9	7	10	3	9	10	3
Gene_1704	83	137	93	113	144	138	101	88
Gene_1705	4	4	7	5	5	2	1	5
Gene_1706	32	31	25	27	37	25	19	22
Gene_1707	1	1	4	1	2	5	2	2
Gene_1708	862	752	1346	503	561	1266	567	966
Gene_1709	547	508	455	340	697	376	526	283
Gene_1710	839	903	776	1031	255	299	278	268
Gene_1711	798	550	842	467	701	357	878	735
Gene_1712	11	11	25	21	17	15	27	17
Gene_1713	10	16	4	3	9	5	5	9
Gene_1714	6149	6069	3207	6697	5493	3687	7488	6822
Gene_1715	4	6	1	3	4	5	6	5
Gene_1716	8560253	8181828	6224381	6052312	8471809	8391156	8486388	11380754
Gene_1717	0	3	4	1	0	3	2	0
Gene_1718	276	228	279	188	280	166	177	88
Gene_1719	1085	881	584	834	412	368	334	317
Gene_1720	10715	9750	7059	11496	7751	7576	8602	6540
Gene_1721	92	104	93	85	58	88	75	83
Gene_1722	2	3	1	1	3	2	2	3
Gene_1723	10	12	16	21	16	3	12	6
Gene_1724	525	408	269	461	331	416	298	418
Gene_1725	104	60	60	84	80	50	45	84
Gene_1726	4110	4297	2572	6720	6052	6677	4100	5769
Gene_1727	135	149	113	145	147	141	183	191
Gene_1728	43194	18003	27836	37717	32884	37997	34229	38721
Gene_1729	3	3	6	4	7	3	2	5
Gene_1730	8	6	5	3	3	4	6	9
Gene_1731	871	1061	716	910	837	1093	1226	1011
Gene_1732	200	115	149	226	262	198	270	136
Gene_1733	7	4	5	10	2	4	6	3
Gene_1734	343	446	472	379	352	440	454	255
Gene_1735	164	146	206	115	47	41	57	38
Gene_1736	25	35	19	33	33	20	22	24
Gene_1737	4770	7478	5031	7901	8287	6658	8169	7476
Gene_1738	50	47	52	44	29	57	51	44
Gene_1739	55	57	51	62	72	62	55	57
Gene_1740	756	1135	620	787	408	748	619	831
Gene_1741	7	9	14	14	18	16	10	7
Gene_1742	781	1020	481	790	2852	2072	2226	2127
Gene_1743	11625	19454	14671	8300	6419	14401	14435	13256
Gene_1744	70	47	43	21	35	57	58	39
Gene_1745	29	14	53	27	34	25	17	36
Gene_1746	4866	4199	4548	4790	33205	17020	16747	23951
Gene_1747	2	6	4	14	10	6	3	6
Gene_1748	9640	12350	9147	9325	14569	11705	12108	9808
Gene_1749	413	402	397	249	383	366	305	612
Gene_1750	1	2	2	3	11	8	4	11
Gene_1751	11	12	20	14	9	14	14	7
Gene_1752	82	46	90	75	123	165	131	143
Gene_1753	3962	2516	3079	3925	4878	3188	4153	3591
Gene_1754	1011	1156	655	774	1521	1084	788	842
Gene_1755	255	303	203	264	224	203	273	203
Gene_1756	89	134	150	72	65	111	173	129
Gene_1757	38	35	29	27	50	13	35	33
Gene_1758	22	30	32	29	27	23	14	17
Gene_1759	240	195	108	113	168	148	171	183
Gene_1760	0	3	3	0	5	2	1	4
Gene_1761	1	5	5	4	4	6	8	9
Gene_1762	2	2	2	1	0	1	3	2
Gene_1763	27	24	25	19	18	23	25	30
Gene_1764	21	6	17	21	11	14	17	27
Gene_1765	15	12	15	13	46	41	61	45
Gene_1766	0	0	0	1	2	2	0	1
Gene_1767	178	103	179	146	99	115	181	70
Gene_1768	8	4	4	8	7	4	0	7
Gene_1769	67	83	62	44	92	109	58	44
Gene_1770	855	481	418	402	568	846	541	551
Gene_1771	52	153	144	92	34	50	52	44
Gene_1772	40	49	40	56	76	29	30	77
Gene_1773	209	136	279	284	334	204	291	267
Gene_1774	0	1	1	1	0	0	0	0
Gene_1775	7	6	6	4	2	3	10	5
Gene_1776	438	418	389	468	289	315	290	518
Gene_1777	1	1	1	2	2	0	0	2
Gene_1778	2	1	3	6	4	4	0	1
Gene_1779	182	287	222	259	131	217	249	136
Gene_1780	249	200	322	296	219	182	140	178
Gene_1781	10	7	6	3	9	7	5	4
Gene_1782	3	2	0	1	4	3	2	1
Gene_1783	20792	16891	11543	13779	13239	13418	13554	12914
Gene_1784	46830	53437	44641	71277	29089	78141	65376	78166
Gene_1785	7	7	11	6	11	14	7	14
Gene_1786	31	34	45	42	29	34	50	56
Gene_1787	68	102	87	121	114	172	125	140
Gene_1788	1672	1972	1808	2965	1895	1236	1640	1278
Gene_1789	434	723	678	597	270	369	508	590
Gene_1790	30	57	23	52	47	39	31	23
Gene_1791	0	1	1	0	0	0	1	1
Gene_1792	202	111	119	129	67	48	36	59
Gene_1793	18	24	29	20	13	16	32	30
Gene_1794	13	25	36	26	23	25	26	16
Gene_1795	4394	4018	4396	6029	5579	6549	4948	5568
Gene_1796	1955	1737	1260	1653	1936	1646	1571	1516
Gene_1797	3	3	4	9	2	7	1	5
Gene_1798	3337	2669	2908	6195	3579	2208	3397	4682
Gene_1799	31	33	36	38	32	27	31	35
Gene_1800	21	20	23	32	20	48	16	23
Gene_1801	1	0	0	0	0	0	0	0
Gene_1802	18	24	22	24	20	8	28	37
Gene_1803	723	794	1118	833	283	319	298	448
Gene_1804	33	45	47	25	37	32	32	29
Gene_1805	21	14	12	16	23	14	16	15
Gene_1806	7321	7071	5988	10500	5691	6651	4334	5272
Gene_1807	0	2	1	3	1	0	3	3
Gene_1808	147	120	88	89	61	54	100	94
Gene_1809	297	396	370	417	398	454	284	408
Gene_1810	29	37	30	39	37	37	33	35
Gene_1811	226504	192054	189760	241486	338562	283603	414085	396328
Gene_1812	46	33	38	42	51	44	54	47
Gene_1813	38	37	42	41	56	20	33	31
Gene_1814	228	135	195	252	232	223	254	117
Gene_1815	35	29	21	43	165	125	119	115
Gene_1816	1	1	2	0	1	2	0	1
Gene_1817	4	0	1	4	4	1	1	6
Gene_1818	1901	2053	1984	2138	2201	1685	2261	1987
Gene_1819	2047	1382	1424	1370	1287	2027	1500	1185
Gene_1820	38	43	59	30	44	75	31	30
Gene_1821	2	3	2	2	2	2	1	2
Gene_1822	18	33	30	30	131	97	136	107
Gene_1823	49661	99832	77963	96148	118133	60902	120728	90563
Gene_1824	42	35	34	44	15	25	10	14
Gene_1825	179	285	202	181	280	228	219	349
Gene_1826	31	16	16	21	12	26	13	14
Gene_1827	42	44	39	45	13	11	21	12
Gene_1828	109	110	114	124	97	91	140	125
Gene_1829	140	148	176	126	194	107	94	148
Gene_1830	0	1	0	0	0	0	0	1
Gene_1831	251	161	269	274	260	218	210	139
Gene_1832	23	23	9	19	30	12	16	15
Gene_1833	21	19	52	56	34	58	28	29
Gene_1834	18650	20293	13253	13833	17825	27544	19702	22964
Gene_1835	2	6	8	6	1	0	1	0
Gene_1836	267	394	350	378	288	390	354	350
Gene_1837	0	0	1	0	0	1	0	2
Gene_1838	347	410	175	424	366	388	487	524
Gene_1839	36	33	26	35	17	16	16	22
Gene_1840	24	30	35	34	36	50	46	34
Gene_1841	373	434	310	198	288	292	243	388
Gene_1842	22	25	17	13	17	17	17	13
Gene_1843	159	142	135	165	159	160	154	150
Gene_1844	146	218	176	114	162	147	167	185
Gene_1845	2	3	2	0	0	1	0	0
Gene_1846	198	235	200	231	287	296	117	188
Gene_1847	30	44	45	30	44	32	17	29
Gene_1848	1570	1064	2205	1646	1269	1607	1096	1322
Gene_1849	856	939	1150	614	985	674	973	798
Gene_1850	147	161	133	147	156	173	144	156
Gene_1851	2105	2845	1901	1811	2534	2045	2447	1837
Gene_1852	2	5	4	8	4	4	2	0
Gene_1853	253	292	366	336	316	273	211	210
Gene_1854	138	87	162	143	350	814	431	600
Gene_1855	1564	1706	1853	3074	2582	2184	1831	1307
Gene_1856	8858	8090	10313	5933	8709	9425	8619	10035
Gene_1857	19709	15936	13035	14095	8265	14800	11431	11171
Gene_1858	77	51	32	51	60	73	78	92
Gene_1859	22152	14501	25133	20590	19980	12598	19663	19607
Gene_1860	200	222	190	217	191	153	192	127
Gene_1861	8	3	6	12	1	1	1	5
Gene_1862	123	167	113	137	119	89	72	103
Gene_1863	2676	2339	3084	2013	2746	2216	2919	2055
Gene_1864	2790	3732	4280	3197	13972	9732	9816	12804
Gene_1865	67	80	83	84	221	318	276	302
Gene_1866	580	671	651	879	545	604	974	590
Gene_1867	1560	1833	1826	1117	1869	1335	2358	1452
Gene_1868	1	1	0	2	0	1	1	0
Gene_1869	51	84	53	78	78	97	105	87
Gene_1870	6480	4932	5438	7222	23917	28504	31380	30604
Gene_1871	2201	2966	2944	4940	3129	3324	2221	3107
Gene_1872	873	864	619	527	393	288	334	299
Gene_1873	44	84	75	63	37	59	22	78
Gene_1874	109	124	124	82	102	149	128	91
Gene_1875	26655	34579	22580	21162	28667	24502	29560	14435
Gene_1876	1	0	1	0	0	2	3	1
Gene_1877	50	62	72	123	92	119	67	76
Gene_1878	1	1	1	2	2	4	2	1
Gene_1879	1050	1101	978	1560	1125	963	702	1063
Gene_1880	1	1	1	0	2	4	3	2
Gene_1881	1038	720	838	758	193	283	299	238
Gene_1882	10	12	9	2	4	7	11	8
Gene_1883	73	35	71	52	44	25	33	52
Gene_1884	635	809	568	300	423	745	468	737
Gene_1885	4	10	4	5	5	4	0	6
Gene_1886	1533	1783	1343	2158	1847	1202	1726	1409
Gene_1887	3	9	10	4	1	7	5	12
Gene_1888	1104	817	1550	1845	1053	1065	979	1908
Gene_1889	588	710	1347	981	940	836	588	1248
Gene_1890	66	106	127	114	79	113	110	111
Gene_1891	66	43	43	31	250	156	157	211
Gene_1892	53	63	119	104	88	83	44	94
Gene_1893	2753	2440	2454	2789	3318	4355	3112	3028
Gene_1894	15	15	19	24	25	20	9	18
Gene_1895	166	158	127	249	140	181	154	160
Gene_1896	437	573	412	298	525	308	313	353
Gene_1897	38059	43254	31933	27584	43223	18309	29355	40243
Gene_1898	14	5	10	14	5	13	12	11
Gene_1899	0	0	0	0	0	0	0	0
Gene_1900	20	14	13	7	12	18	10	19
Gene_1901	94	141	99	154	80	116	101	121
Gene_1902	79	92	53	136	56	47	95	100
Gene_1903	332	188	226	215	218	197	302	233
Gene_1904	1109	1409	1153	985	1032	1389	1497	1217
Gene_1905	59	47	74	64	88	63	64	78
Gene_1906	10	8	11	10	5	5	3	6
Gene_1907	233	325	239	275	232	422	344	472
Gene_1908	2	2	6	1	0	3	2	0
Gene_1909	1	3	0	3	3	7	2	4
Gene_1910	1	0	3	0	0	1	1	0
Gene_1911	81	94	84	48	47	49	79	78
Gene_1912	1130	1107	761	1136	995	866	1014	1041
Gene_1913	972	896	738	554	3028	3907	3731	3709
Gene_1914	255	217	359	196	85	89	68	92
Gene_1915	634	861	962	801	801	581	911	418
Gene_1916	67	47	57	34	14	13	15	16
Gene_1917	0	1	0	2	6	12	5	9
Gene_1918	37	29	24	24	45	41	20	27
Gene_1919	29	29	23	33	35	24	29	31
Gene_1920	23	36	27	39	23	27	27	33
Gene_1921	17	33	20	33	19	14	15	13
Gene_1922	1964	1847	1675	2866	1692	2043	2103	2117
Gene_1923	1476	1455	1607	937	1090	1144	935	1451
Gene_1924	2316	1655	1949	2532	2233	1874	2712	2952
Gene_1925	14	8	8	11	2	18	7	10
Gene_1926	3	2	1	4	2	0	3	2
Gene_1927	224	184	167	150	159	235	251	155
Gene_1928	62	51	38	71	25	32	31	56
Gene_1929	7395	8451	5467	3527	9055	4209	5080	5209
Gene_1930	20930	18197	23815	44600	32028	31685	28672	27156
Gene_1931	29	39	18	19	13	26	27	17
Gene_1932	484	901	645	758	697	810	1067	1075
Gene_1933	155	235	187	184	145	219	139	179
Gene_1934	31	26	29	27	29	28	42	27
Gene_1935	4235	4804	3417	4454	4759	5227	4609	4296
Gene_1936	471	429	838	475	471	596	484	675
Gene_1937	467	462	338	288	156	106	135	207
Gene_1938	31	32	21	13	22	39	20	24
Gene_1939	14	12	24	13	2	9	9	5
Gene_1940	88	104	140	108	111	126	75	144
Gene_1941	0	0	0	0	0	0	0	0
Gene_1942	7	9	2	11	10	4	6	7
Gene_1943	7	3	2	5	3	2	2	3
Gene_1944	22	7	8	13	16	16	16	14
Gene_1945	5277	3937	4511	5107	5027	6226	5374	5457
Gene_1946	69	123	52	89	75	66	98	89
Gene_1947	342	265	509	537	339	432	446	420
Gene_1948	186825	166461	250956	243209	112979	134896	106959	94416
Gene_1949	7	13	16	7	17	17	8	9
Gene_1950	30	25	29	32	27	37	23	18
Gene_1951	2	2	5	2	2	3	0	1
Gene_1952	67	102	112	64	91	75	89	105
Gene_1953	62352	47085	43267	55515	46474	51510	39715	45256
Gene_1954	33	26	35	19	29	15	29	24
Gene_1955	2	0	1	2	4	4	6	5
Gene_1956	0	1	0	0	0	1	0	0
Gene_1957	8	9	12	18	4	3	7	2
Gene_1958	521	634	479	563	1589	1391	2116	1545
Gene_1959	308	589	485	463	463	416	600	502
Gene_1960	391	425	497	384	316	384	291	311
Gene_1961	14	15	17	15	13	22	21	17
Gene_1962	203	175	246	261	218	206	134	287
Gene_1963	12	10	18	17	10	9	8	13
Gene_1964	17	26	16	37	29	26	28	23
Gene_1965	28	47	54	57	32	31	47	62
Gene_1966	1985	1315	1794	1737	872	508	660	583
Gene_1967	10	8	13	4	16	10	11	8
Gene_1968	699877	1391383	1444178	1689278	1176345	1814318	1107194	1490283
Gene_1969	0	0	0	0	0	0	1	0
Gene_1970	6232	4041	6447	3606	4492	5545	4780	3938
Gene_1971	22	9	17	9	28	25	11	21
Gene_1972	11	9	3	16	3	3	4	4
Gene_1973	37	39	40	55	33	31	32	62
Gene_1974	44	47	28	49	38	44	36	49
Gene_1975	517	496	595	475	382	551	285	416
Gene_1976	3	2	2	1	3	1	0	2
Gene_1977	77	113	129	132	124	126	103	116
Gene_1978	885	907	814	660	1020	782	537	727
Gene_1979	1976	1613	1701	1517	8482	5397	5318	4607
Gene_1980	3200	3558	1629	2408	7000	6681	7726	8694
Gene_1981	14261	13695	9134	20375	12076	13871	11563	11213
Gene_1982	1958	1915	1365	1757	1808	1981	1015	1938
Gene_1983	356	304	447	306	367	266	356	266
Gene_1984	12	32	12	25	41	8	29	11
Gene_1985	363	229	386	277	399	396	547	444
Gene_1986	39	25	48	43	32	38	52	37
Gene_1987	312	480	268	242	388	305	328	299
Gene_1988	308	276	214	343	100	105	111	72
Gene_1989	8383	5636	6151	8318	5156	5500	5206	7219
Gene_1990	13	13	8	7	10	5	4	18
Gene_1991	0	0	1	2	2	8	0	1
Gene_1992	703	711	841	814	391	1120	810	708
Gene_1993	691	921	1141	1164	1330	832	1152	794
Gene_1994	25	17	21	35	79	54	125	114
Gene_1995	680	1042	1073	712	896	628	845	748
Gene_1996	240	209	338	298	178	336	386	189
Gene_1997	11	32	25	28	32	19	22	29
Gene_1998	2274	3374	4325	4376	4221	3789	2603	4363
Gene_1999	2	3	0	0	0	2	1	0
Gene_2000	456	325	251	407	1528	1313	1064	1351
Gene_2001	10	16	22	23	9	22	12	10
Gene_2002	4670	1893	5044	3211	1046	949	709	975
Gene_2003	1	1	0	1	2	1	0	0
Gene_2004	1080	757	1081	878	690	1315	915	801
Gene_2005	19	14	11	15	3	14	22	6
Gene_2006	6	8	13	6	10	8	15	10
Gene_2007	173	256	271	156	252	333	218	354
Gene_2008	273	388	264	391	430	387	192	381
Gene_2009	147	238	186	189	187	157	238	168
Gene_2010	12041	12892	10366	12692	9710	18056	14283	6292
Gene_2011	45116	62677	38316	43593	43322	42036	38694	25913
Gene_2012	951	992	795	950	1165	984	1106	928
Gene_2013	7	3	9	6	12	8	11	4
Gene_2014	3	9	7	4	2	2	3	1
Gene_2015	78	94	104	144	123	60	100	101
Gene_2016	0	0	1	1	2	1	1	0
Gene_2017	0	0	0	0	1	3	1	3
Gene_2018	8	3	4	4	4	2	4	4
Gene_2019	8	10	5	3	12	10	12	2
Gene_2020	14949	20458	20303	19900	20733	25262	18505	18071
Gene_2021	2404	4238	3803	4148	4367	1953	2945	2351
Gene_2022	787	942	737	666	803	678	861	806
Gene_2023	326	169	352	333	350	303	368	299
Gene_2024	393	577	407	565	603	536	645	491
Gene_2025	116	113	152	111	107	104	128	81
Gene_2026	3463	4915	3119	3775	3821	6598	1852	3042
Gene_2027	877	1006	1675	1397	701	1181	775	1106
Gene_2028	3626	5070	5275	4657	23684	17708	20201	22771
Gene_2029	350	286	361	267	269	394	311	237
Gene_2030	15	17	13	13	16	18	22	14
Gene_2031	1227	1181	1489	2078	943	812	1119	1439
Gene_2032	56266	81148	82500	74022	86567	115313	66520	83802
Gene_2033	6	2	3	3	4	3	7	1
Gene_2034	14	14	11	15	17	21	20	12
Gene_2035	3874	3192	4314	3560	3626	2834	2425	2603
Gene_2036	842	750	780	600	828	449	1130	802
Gene_2037	50	53	59	43	61	100	120	76
Gene_2038	1082	1152	798	901	832	1119	940	808
Gene_2039	0	0	0	0	0	1	0	0
Gene_2040	52	55	59	73	68	61	62	79
Gene_2041	3612	3404	3283	3978	2821	3425	5278	5632
Gene_2042	75	63	112	57	59	54	50	51
Gene_2043	34	50	40	47	22	22	36	69
Gene_2044	0	0	0	0	0	0	1	1
Gene_2045	22	11	17	13	8	21	16	17
Gene_2046	4706	6074	5219	4632	3938	5442	2574	6878
Gene_2047	383	458	624	423	386	646	551	422
Gene_2048	30111	30730	24881	35535	28611	25253	25228	22912
Gene_2049	68	67	50	64	64	53	56	55
Gene_2050	25	15	17	19	25	18	21	18
Gene_2051	19058	28632	33443	31524	28418	31738	21981	25214
Gene_2052	16	28	18	21	14	31	16	35
Gene_2053	1310	1237	1903	1757	1360	1298	1877	2374
Gene_2054	511	450	634	417	361	368	292	374
Gene_2055	39	34	57	55	35	55	44	69
Gene_2056	672	381	612	605	456	683	402	882
Gene_2057	19	19	23	20	15	12	16	12
Gene_2058	45969	48904	41434	44442	56411	51635	49336	37916
Gene_2059	1	2	0	0	2	1	1	2
Gene_2060	1666	1417	1604	1058	1347	1336	1745	1847
Gene_2061	45	65	64	47	54	52	51	60
Gene_2062	878	603	1002	1184	889	865	768	784
Gene_2063	26	37	52	34	51	29	25	43
Gene_2064	185	257	370	191	136	236	118	265
Gene_2065	1	4	3	2	3	5	3	5
Gene_2066	5	2	6	2	5	1	3	9
Gene_2067	3	2	0	1	3	2	3	0
Gene_2068	432847	350286	338733	393074	181335	269362	272902	249275
Gene_2069	377	416	460	504	244	477	456	363
Gene_2070	70	65	88	107	90	77	87	48
Gene_2071	1224546	1309799	1487488	1681135	1959803	1448071	2074368	1335682
Gene_2072	3	4	5	5	11	13	7	5
Gene_2073	1639	1297	776	1068	1484	1151	1193	1019
Gene_2074	9	3	5	8	6	2	8	1
Gene_2075	59	56	83	82	49	57	65	81
Gene_2076	11	3	8	14	7	2	7	10
Gene_2077	2	1	2	3	4	4	1	1
Gene_2078	45	28	27	33	42	27	35	35
Gene_2079	121	150	171	81	135	143	178	118
Gene_2080	1067	1138	699	1217	1835	1552	1748	1168
Gene_2081	314	310	367	348	312	350	389	208
Gene_2082	4281	4066	1963	2585	2896	3263	2867	4099
Gene_2083	12	11	5	5	12	8	17	8
Gene_2084	12	24	31	17	17	20	20	27
Gene_2085	50	38	38	42	41	30	22	66
Gene_2086	186	383	278	243	160	209	267	234
Gene_2087	2090	2671	4667	3979	3022	2707	2190	2498
Gene_2088	92	94	134	105	94	106	83	134
Gene_2089	23	14	14	26	23	16	22	19
Gene_2090	6	5	2	12	6	4	1	5
Gene_2091	0	0	0	1	0	0	0	1
Gene_2092	16	9	8	8	15	18	9	6
Gene_2093	155	167	198	240	234	264	115	286
Gene_2094	1251	1068	1666	1439	1755	1813	1271	1195
Gene_2095	124	174	166	122	79	185	186	136
Gene_2096	733	562	539	458	712	630	775	643
Gene_2097	1	0	0	2	1	0	1	0
Gene_2098	13875	10655	11032	7214	9971	6639	8038	9232
Gene_2099	182	168	243	168	300	275	280	163
Gene_2100	170	253	219	241	225	164	185	182
Gene_2101	158	198	223	116	254	155	150	188
Gene_2102	85	88	144	107	73	72	69	79
Gene_2103	0	0	0	0	0	1	1	0
Gene_2104	1342	1611	2020	1252	1299	1527	1171	1717
Gene_2105	792	705	897	898	3372	2651	3575	2741
Gene_2106	66	52	70	91	79	68	101	55
Gene_2107	461	475	627	381	589	679	437	475
Gene_2108	9	15	8	20	12	8	22	9
Gene_2109	12	9	25	13	14	7	15	15
Gene_2110	243	181	169	181	187	221	265	160
Gene_2111	2916	1381	2046	2774	1288	3706	3188	1734
Gene_2112	861	342	431	379	761	625	439	353
Gene_2113	15	3	8	17	8	5	19	17
Gene_2114	54	40	39	50	164	279	141	252
Gene_2115	1590	1178	1305	869	1421	1013	1419	1138
Gene_2116	75	83	75	87	95	82	69	71
Gene_2117	360	376	455	290	629	651	374	451
Gene_2118	16	3	6	10	5	3	13	10
Gene_2119	818	758	427	612	628	729	671	794
Gene_2120	0	0	0	0	0	0	0	0
Gene_2121	120	115	96	158	96	184	100	85
Gene_2122	3670	5681	6679	8568	6717	7644	5299	5106
Gene_2123	1664	2264	1263	1845	2351	1559	1652	1550
Gene_2124	11	1	13	4	4	2	6	4
Gene_2125	17	29	24	39	21	32	24	33
Gene_2126	1	2	2	6	3	4	4	2
Gene_2127	527	486	693	989	454	691	669	566
Gene_2128	644	1111	703	787	843	610	646	877
Gene_2129	1272	1366	1266	908	1633	1354	1216	597
Gene_2130	44	54	58	58	65	67	48	46
Gene_2131	2751	2466	3194	2976	1306	1452	1180	1078
Gene_2132	580	953	689	570	776	558	396	592
Gene_2133	9674	9596	9049	6932	7753	8507	9578	11102
Gene_2134	38	62	29	41	39	60	44	33
Gene_2135	9	3	4	8	3	4	2	6
Gene_2136	9	17	11	25	11	17	12	13
Gene_2137	397	258	206	295	281	235	281	230
Gene_2138	10	12	16	18	11	11	14	20
Gene_2139	200	370	228	372	360	360	409	321
Gene_2140	107	157	143	119	68	118	133	163
Gene_2141	899	630	786	575	2911	2083	2542	2263
Gene_2142	0	0	1	0	0	1	1	1
Gene_2143	53	61	47	28	45	36	59	54
Gene_2144	963	874	1029	1147	4293	4088	2811	2917
Gene_2145	3144	2978	2664	2290	3138	3187	3980	1527
Gene_2146	92	82	116	138	22	28	57	30
Gene_2147	0	3	1	2	2	1	1	1
Gene_2148	50	36	32	50	28	9	19	13
Gene_2149	127	129	86	136	114	166	189	111
Gene_2150	2	3	5	6	7	6	2	5
Gene_2151	483	844	713	997	927	766	1188	1054
Gene_2152	0	0	0	1	0	2	1	0
Gene_2153	1	2	1	2	2	2	3	0
Gene_2154	509	518	521	538	774	461	314	556
Gene_2155	1288	1283	1639	1089	1351	1536	669	1489
Gene_2156	11	16	18	16	16	25	11	25
Gene_2157	362	542	788	399	568	669	559	739
Gene_2158	89	82	80	88	69	59	112	57
Gene_2159	315	350	342	318	245	359	378	409
Gene_2160	374	438	323	307	442	348	489	281
Gene_2161	10	7	5	3	2	0	1	4
Gene_2162	602	804	1001	617	643	950	989	781
Gene_2163	33	42	50	39	41	36	42	48
Gene_2164	59	81	80	48	66	91	67	100
Gene_2165	243	128	152	199	572	794	481	746
Gene_2166	1	0	0	1	0	0	0	0
Gene_2167	3	3	1	2	0	2	3	2
Gene_2168	528	434	617	616	164	160	201	238
Gene_2169	1708	931	1036	997	1430	1182	976	1211
Gene_2170	801	665	1020	458	3696	2457	2809	1984
Gene_2171	1113	1105	1186	1059	629	1129	1212	924
Gene_2172	2628	4175	3915	4935	3824	5959	3142	3230
Gene_2173	27664	42029	27895	24274	39642	30157	29532	20394
Gene_2174	5	2	5	10	5	4	4	3
Gene_2175	167	187	189	218	192	135	166	174
Gene_2176	188	460	261	170	301	423	293	250
Gene_2177	0	0	0	2	7	2	1	2
Gene_2178	21	18	21	26	6	24	19	18
Gene_2179	43	88	81	63	75	114	118	102
Gene_2180	5	8	3	5	2	2	4	4
Gene_2181	294	229	194	159	273	214	248	170
Gene_2182	8	6	11	8	6	11	5	6
Gene_2183	12	16	14	11	59	45	73	29
Gene_2184	67	52	58	95	296	232	219	226
Gene_2185	2630	2349	3478	1686	1948	3655	2535	2773
Gene_2186	267	223	170	187	232	231	169	202
Gene_2187	6096	5270	4986	3552	5436	4040	2922	5557
Gene_2188	40	23	16	31	33	38	40	25
Gene_2189	306	534	487	455	625	384	360	601
Gene_2190	0	0	0	0	0	0	0	0
Gene_2191	18	28	30	51	31	33	23	24
Gene_2192	176	112	113	94	215	112	157	126
Gene_2193	10	4	7	2	11	4	9	8
Gene_2194	2336	2884	1660	3580	2720	2788	2170	2458
Gene_2195	517	777	681	640	758	881	532	745
Gene_2196	11075	7588	7007	8946	9256	8205	10393	7659
Gene_2197	101	115	85	138	93	85	120	112
Gene_2198	0	1	0	1	0	0	1	1
Gene_2199	44	36	52	46	52	42	51	45
Gene_2200	4337	5796	4418	6141	4111	5488	7343	5552
Gene_2201	146	131	269	238	193	209	147	174
Gene_2202	4	2	1	2	6	7	13	6
Gene_2203	1	5	13	4	5	1	2	5
Gene_2204	17	6	16	7	19	10	8	12
Gene_2205	15	12	15	19	11	8	10	13
Gene_2206	199	122	150	180	68	52	82	79
Gene_2207	620	372	552	544	471	639	604	458
Gene_2208	0	0	0	0	0	1	0	0
Gene_2209	373	385	504	485	2159	2807	1957	1522
Gene_2210	6	7	2	2	5	5	5	3
Gene_2211	54	57	43	44	56	50	48	50
Gene_2212	55	71	48	73	34	47	67	48
Gene_2213	2	1	1	2	1	2	5	8
Gene_2214	64	53	31	19	35	41	41	39
Gene_2215	4091	3445	4037	3218	8477	16718	13430	16216
Gene_2216	4	4	7	4	7	2	10	4
Gene_2217	16	12	13	21	4	14	18	18
Gene_2218	0	3	4	0	1	3	1	1
Gene_2219	2496	2637	1648	1678	663	685	859	809
Gene_2220	23062	20551	36453	23286	30739	41695	26529	43564
Gene_2221	4	2	0	0	2	2	1	3
Gene_2222	80	50	58	29	39	42	54	45
Gene_2223	13	13	19	9	49	39	53	34
Gene_2224	9	5	15	8	2	3	6	2
Gene_2225	0	3	0	0	3	1	1	1
Gene_2226	241	255	213	232	261	295	251	315
Gene_2227	71	91	68	80	44	47	54	77
Gene_2228	178	217	165	242	158	111	137	174
Gene_2229	493	457	868	706	309	637	314	414
Gene_2230	81	67	78	92	67	129	110	85
Gene_2231	75	76	37	81	64	60	63	57
Gene_2232	126	65	91	98	112	64	80	58
Gene_2233	1457	1634	1035	2047	969	1022	1187	1578
Gene_2234	0	0	0	1	0	1	0	0
Gene_2235	451	280	352	546	309	484	292	288
Gene_2236	0	0	0	1	0	1	0	0
Gene_2237	9670	8160	11592	9504	2404	2637	3249	3593
Gene_2238	15	19	19	21	10	4	11	1
Gene_2239	0	0	0	0	0	0	0	0
Gene_2240	37	63	66	59	69	37	79	44
Gene_2241	0	1	0	0	1	0	0	0
Gene_2242	125	104	101	134	26	40	24	40
Gene_2243	2156	1752	2607	1316	500	522	485	609
Gene_2244	253	261	171	149	139	303	259	170
Gene_2245	0	6	2	3	8	1	5	0
Gene_2246	139	112	134	98	130	122	130	125
Gene_2247	94	128	94	76	96	84	113	49
Gene_2248	1211	893	1340	1590	1205	2042	1592	1261
Gene_2249	420	527	363	275	338	352	479	367
Gene_2250	49	16	35	21	15	8	9	9
Gene_2251	16	13	11	8	17	13	5	5
Gene_2252	21	43	46	41	36	35	23	52
Gene_2253	1080	839	792	1077	771	621	857	1347
Gene_2254	50	69	74	90	81	45	102	74
Gene_2255	1099	1063	1278	490	1210	1218	790	1289
Gene_2256	928	1071	1310	922	845	1473	870	1567
Gene_2257	1099	1146	1262	824	960	837	848	948
Gene_2258	8	19	18	16	11	19	16	17
Gene_2259	1	1	1	0	1	1	3	4
Gene_2260	336	348	270	332	612	1394	1463	1425
Gene_2261	21281	21322	30901	32540	38117	30511	19420	13916
Gene_2262	4116	3065	4489	3624	2719	3536	2441	4212
Gene_2263	181254	164857	128255	120371	136019	172582	141854	213502
Gene_2264	238	441	196	269	457	369	309	345
Gene_2265	8	7	16	9	8	10	7	7
Gene_2266	73	43	107	99	84	75	113	74
Gene_2267	11	3	4	9	2	9	4	1
Gene_2268	3209	3132	3151	3954	3240	3620	2809	2620
Gene_2269	2	3	3	4	3	4	4	8
Gene_2270	5792	5140	9283	6194	31748	27778	29645	42615
Gene_2271	177	304	338	193	158	234	181	155
Gene_2272	1	3	1	1	4	1	1	1
Gene_2273	230	125	177	225	104	104	188	113
Gene_2274	3114	6454	4361	4529	4677	4388	4352	4745
Gene_2275	354	479	374	506	466	255	479	289
Gene_2276	21	21	23	20	26	30	17	13
Gene_2277	0	0	0	0	0	0	0	1
Gene_2278	47922	38109	40455	72709	68396	72133	56522	54253
Gene_2279	436	327	345	322	467	613	382	264
Gene_2280	2	3	1	2	0	2	2	4
Gene_2281	25	20	21	48	42	33	24	35
Gene_2282	291	347	297	294	353	377	214	407
Gene_2283	1036	1038	770	793	916	672	956	828
Gene_2284	1442	922	1045	938	808	501	792	1120
Gene_2285	3	1	3	3	3	2	3	3
Gene_2286	1	3	0	2	1	0	0	0
Gene_2287	0	1	0	0	1	0	0	0
Gene_2288	200	219	140	166	152	239	218	221
Gene_2289	9	8	8	4	12	17	9	13
Gene_2290	51	41	47	70	49	64	53	35
Gene_2291	3309	3562	4078	4323	6100	3865	4384	5122
Gene_2292	0	0	0	0	0	0	0	0
Gene_2293	1062	1150	1371	1153	994	851	1408	1053
Gene_2294	0	5	6	0	3	5	4	1
Gene_2295	0	1	0	3	5	11	4	6
Gene_2296	0	1	0	0	0	0	0	0
Gene_2297	19	34	30	37	23	33	30	51
Gene_2298	195	380	170	231	405	283	260	185
Gene_2299	0	1	0	1	1	0	3	0
Gene_2300	146	303	202	254	190	164	282	203
Gene_2301	3	8	3	7	3	0	2	1
Gene_2302	0	0	0	0	0	0	0	0
Gene_2303	6130	9684	6168	7205	1918	2471	2769	2338
Gene_2304	313	628	426	357	313	347	313	433
Gene_2305	0	1	0	1	0	0	0	0
Gene_2306	12	13	12	20	8	8	11	13
Gene_2307	4	5	5	10	7	2	4	4
Gene_2308	0	0	0	0	0	0	0	0
Gene_2309	26	23	27	23	18	14	19	20
Gene_2310	76082	96838	80988	68100	106902	94240	75191	70427
Gene_2311	0	2	1	2	0	4	3	1
Gene_2312	273	214	230	266	211	151	196	238
Gene_2313	187	100	173	195	171	116	119	154
Gene_2314	32	30	34	19	34	41	22	46
Gene_2315	102	98	148	86	101	166	94	136
Gene_2316	2055	1596	2302	2740	1606	2378	1944	3135
Gene_2317	144	125	157	95	142	129	104	133
Gene_2318	1	0	1	0	0	1	0	0
Gene_2319	0	0	0	0	0	0	0	0
Gene_2320	595	973	899	903	877	1144	566	530
Gene_2321	0	0	0	0	0	0	0	1
Gene_2322	37	21	50	46	41	44	56	50
Gene_2323	180	128	140	171	130	176	154	133
Gene_2324	6	4	8	5	4	7	2	1
Gene_2325	7	6	2	4	24	22	20	10
Gene_2326	1	1	1	0	3	1	3	0
Gene_2327	12	12	13	19	12	16	15	22
Gene_2328	35	44	18	54	25	24	24	25
Gene_2329	4	10	13	10	8	7	14	13
Gene_2330	11	11	6	4	10	8	11	11
Gene_2331	73	133	116	59	114	102	55	87
Gene_2332	59	47	47	24	31	28	30	46
Gene_2333	5042	6285	6367	5569	8361	4554	7772	6770
Gene_2334	1	2	2	3	1	2	1	0
Gene_2335	54	73	77	92	51	68	75	44
Gene_2336	596	367	386	439	339	637	773	484
Gene_2337	52	33	51	43	30	38	63	57
Gene_2338	4	6	4	2	26	26	19	20
Gene_2339	8	10	5	8	11	4	7	6
Gene_2340	3	4	5	5	4	7	11	5
Gene_2341	153	149	92	217	186	116	188	163
Gene_2342	1	1	0	0	2	0	5	0
Gene_2343	0	0	0	3	2	1	3	1
Gene_2344	3	13	6	6	3	7	10	6
Gene_2345	5576	9098	7215	6448	9771	10186	6692	5961
Gene_2346	1255	888	1412	1188	905	1111	1273	1681
Gene_2347	0	1	2	0	1	0	0	2
Gene_2348	181	244	195	171	328	300	228	267
Gene_2349	1297	1131	1736	1250	1966	1033	1799	1512
Gene_2350	42	18	23	28	23	36	34	37
Gene_2351	14	20	37	13	18	20	11	18
Gene_2352	53	29	23	33	32	40	38	29
Gene_2353	4	1	1	0	4	2	2	1
Gene_2354	76	70	140	95	55	84	98	129
Gene_2355	81	76	83	95	74	132	76	99
Gene_2356	58	30	49	36	46	37	47	69
Gene_2357	279	238	173	312	210	352	389	227
Gene_2358	178	147	186	105	67	55	42	34
Gene_2359	63	119	87	82	112	50	108	62
Gene_2360	10023	7131	12523	11326	8676	6928	12349	12018
Gene_2361	69	51	78	36	121	36	74	28
Gene_2362	9	10	12	8	47	46	58	55
Gene_2363	385	495	351	487	531	422	376	566
Gene_2364	65	60	53	52	69	80	33	52
Gene_2365	36	28	29	48	30	29	41	47
Gene_2366	38	26	29	29	43	16	10	22
Gene_2367	1016	805	796	950	434	224	328	328
Gene_2368	0	0	0	0	0	0	0	0
Gene_2369	54	43	43	45	215	353	209	272
Gene_2370	5280	5151	3517	7187	1259	1844	2463	1193
Gene_2371	28387	25650	32766	28772	40973	28527	31082	27231
Gene_2372	18	16	10	14	15	19	13	12
Gene_2373	5	3	4	8	9	5	5	6
Gene_2374	6411	5171	4649	3392	6256	7240	10244	6732
Gene_2375	30650	31226	53098	44187	45780	42957	36342	31415
Gene_2376	1084	668	928	1003	901	797	679	608
Gene_2377	62	60	54	56	39	54	61	58
Gene_2378	10	13	4	3	15	9	10	7
Gene_2379	136	120	158	87	155	151	124	138
Gene_2380	213	215	260	461	384	266	236	272
Gene_2381	16	9	7	16	62	36	48	78
Gene_2382	770	741	819	597	849	503	611	655
Gene_2383	39	59	66	37	45	78	127	86
Gene_2384	249	247	249	208	301	220	251	173
Gene_2385	872	1191	1245	1180	1199	1469	1445	1268
Gene_2386	496	481	440	419	401	419	363	320
Gene_2387	649	536	554	421	666	664	516	658
Gene_2388	0	3	2	8	19	10	12	15
Gene_2389	8	9	11	7	1	4	2	5
Gene_2390	42	48	63	29	19	18	12	12
Gene_2391	27	34	32	27	36	41	40	31
Gene_2392	17760	20441	25834	27612	17197	22692	23024	19568
Gene_2393	10991	12643	16271	9260	11965	13799	12218	13273
Gene_2394	13	9	12	14	4	4	4	3
Gene_2395	539	803	560	468	171	173	76	164
Gene_2396	37517	36310	30869	41972	37832	32421	33402	26055
Gene_2397	16	7	13	8	9	13	5	13
Gene_2398	64	85	53	42	92	61	51	60
Gene_2399	1044	919	567	742	726	874	819	922
Gene_2400	73	114	40	67	93	69	102	83
Gene_2401	46	41	23	31	39	40	45	30
Gene_2402	5668	4838	6426	8870	3691	5638	4631	4778
Gene_2403	31	50	39	29	42	32	30	39
Gene_2404	889	1540	955	1215	1395	1272	1799	1839
Gene_2405	10506	7923	7820	9672	10990	10430	8395	7876
Gene_2406	0	0	0	1	0	0	0	0
Gene_2407	452	496	452	445	322	481	388	292
Gene_2408	1356	1553	1937	2284	2958	1864	2103	1833
Gene_2409	15803	14973	19868	17982	19160	19765	12446	18474
Gene_2410	95	45	50	95	67	69	45	91
Gene_2411	8423	7012	7674	6826	7990	6520	7540	9915
Gene_2412	187	167	115	110	506	575	484	695
Gene_2413	1	1	2	1	1	2	1	1
Gene_2414	1781	2310	1336	1340	1552	1480	1728	1673
Gene_2415	23019	26166	34130	28658	22114	35370	38403	30371
Gene_2416	12034	10134	11276	7655	12000	12144	11125	9569
Gene_2417	91	120	89	98	94	109	116	130
Gene_2418	0	0	1	0	1	0	1	1
Gene_2419	7	8	8	11	8	3	8	6
Gene_2420	31	42	23	58	29	55	62	34
Gene_2421	15	10	16	14	26	12	9	9
Gene_2422	197	265	370	198	244	283	175	289
Gene_2423	860	961	1620	1296	1079	1775	1177	1501
Gene_2424	586	668	437	524	437	609	391	787
Gene_2425	167	218	247	231	85	86	49	136
Gene_2426	14	10	5	7	10	5	8	7
Gene_2427	23	78	73	55	54	74	37	43
Gene_2428	5	9	1	2	2	5	1	10
Gene_2429	20	21	22	32	16	15	10	20
Gene_2430	405	207	359	260	388	349	325	316
Gene_2431	2	3	2	1	1	0	1	1
Gene_2432	1	2	1	1	2	5	1	2
Gene_2433	783	1015	669	626	1048	957	819	919
Gene_2434	11	6	5	7	1	2	5	10
Gene_2435	42	34	49	29	46	35	31	45
Gene_2436	124	106	126	148	61	59	82	47
Gene_2437	234	296	233	142	287	327	214	279
Gene_2438	65	87	65	78	94	55	57	71
Gene_2439	46	53	44	25	20	20	20	10
Gene_2440	12414	5829	5675	7183	4306	4589	4952	3775
Gene_2441	5742	7146	5864	7382	4858	5478	7791	5498
Gene_2442	23174	24140	23277	33650	21506	22189	23458	20200
Gene_2443	2	0	0	0	3	3	4	2
Gene_2444	109	58	145	66	133	110	115	125
Gene_2445	97	37	52	57	75	41	68	75
Gene_2446	617	231	599	641	569	395	480	773
Gene_2447	17082	8568	10369	18545	18367	11389	12593	13483
Gene_2448	237	142	202	104	130	149	276	296
Gene_2449	186762	171077	198776	153402	190004	181516	273954	267827
Gene_2450	50	81	52	55	63	80	55	54
Gene_2451	485	594	403	554	683	518	530	390
Gene_2452	1322	1227	1056	1043	960	1209	1271	1452
Gene_2453	405	319	440	321	412	408	715	435
Gene_2454	39	13	29	10	12	26	21	23
Gene_2455	158	172	160	186	150	236	145	117
Gene_2456	77	65	60	64	35	25	24	25
Gene_2457	0	0	0	0	0	0	0	0
Gene_2458	787	441	913	841	615	758	647	847
Gene_2459	1	0	1	1	0	2	1	0
Gene_2460	87	110	99	90	119	72	57	92
Gene_2461	249	115	145	223	182	304	152	161
Gene_2462	88	87	72	86	82	42	56	75
Gene_2463	1240	1851	1154	1615	959	665	702	719
Gene_2464	922	537	651	833	885	785	750	1040
Gene_2465	797	785	973	839	758	789	724	1047
Gene_2466	252	464	392	189	284	573	358	392
Gene_2467	142	113	165	84	160	88	179	196
Gene_2468	117	96	111	111	139	113	96	134
Gene_2469	14276	7485	11195	13686	36091	41191	28857	34017
Gene_2470	274	427	350	563	366	304	207	243
Gene_2471	220	192	167	218	238	283	274	213
Gene_2472	15	36	10	30	29	14	27	27
Gene_2473	3	1	1	1	1	1	2	2
Gene_2474	28	55	56	82	103	54	53	54
Gene_2475	2817	2487	2469	1508	2049	2631	2205	1562
Gene_2476	84	60	73	121	56	93	81	126
Gene_2477	189	228	185	298	385	247	325	234
Gene_2478	1130	1874	1499	1737	1108	1219	1219	1725
Gene_2479	4	0	6	2	2	2	4	4
Gene_2480	4	9	2	10	8	9	5	6
Gene_2481	929	852	582	1003	849	886	1166	857
Gene_2482	63	66	88	49	52	74	55	56
Gene_2483	17	25	8	21	23	41	27	23
Gene_2484	138	114	99	65	106	125	122	147
Gene_2485	48	55	54	53	48	53	41	37
Gene_2486	8	3	5	5	3	3	7	4
Gene_2487	19744	18527	38732	20653	24390	23756	17250	15427
Gene_2488	485	398	371	424	467	483	426	345
Gene_2489	29	33	51	59	49	59	59	52
Gene_2490	46	28	68	45	33	30	42	57
Gene_2491	16	14	10	21	12	17	11	7
Gene_2492	138	202	136	127	120	148	236	123
Gene_2493	271	250	445	156	220	298	262	196
Gene_2494	98	56	62	75	73	71	134	106
Gene_2495	11	5	4	5	7	5	7	8
Gene_2496	2	3	11	4	2	5	1	2
Gene_2497	0	0	0	0	2	0	0	0
Gene_2498	49	87	48	66	84	90	85	49
Gene_2499	0	0	0	0	0	0	0	0
Gene_2500	0	1	1	1	1	0	0	0
Gene_2501	7	5	14	8	11	8	9	3
Gene_2502	44	37	70	35	55	37	51	54
Gene_2503	2053	1452	2544	2507	1956	1647	2759	2041
Gene_2504	4	4	7	7	3	9	8	8
Gene_2505	380	461	219	370	284	380	351	661
Gene_2506	20	17	5	8	20	16	5	20
Gene_2507	3	22	15	13	10	15	7	12
Gene_2508	2880	1771	2436	2887	8290	9256	7195	9530
Gene_2509	280	438	278	182	303	249	306	329
Gene_2510	842	519	487	752	368	650	672	600
Gene_2511	283	374	383	473	612	470	440	527
Gene_2512	276	250	325	243	333	278	275	338
Gene_2513	92	37	40	52	11	24	17	22
Gene_2514	28	30	29	20	9	15	14	6
Gene_2515	1211	901	885	502	567	1040	930	738
Gene_2516	441	461	518	390	345	596	350	433
Gene_2517	102	169	196	269	244	182	199	172
Gene_2518	12477	12849	12253	15499	18897	10289	7927	15222
Gene_2519	24057	36585	24108	31149	27878	32223	22315	29380
Gene_2520	6	14	5	3	4	4	5	4
Gene_2521	68	71	83	120	76	64	74	78
Gene_2522	2	3	4	1	15	14	10	12
Gene_2523	0	0	1	1	0	0	0	0
Gene_2524	0	0	0	0	0	0	0	1
Gene_2525	1855	1829	1675	1602	1193	1718	1581	1392
Gene_2526	363	353	393	360	546	449	258	372
Gene_2527	0	0	0	0	0	0	1	0
Gene_2528	113	75	124	178	99	95	105	116
Gene_2529	0	4	3	7	1	0	2	3
Gene_2530	85	85	52	94	110	89	95	89
Gene_2531	52	54	27	49	38	34	26	45
Gene_2532	1	2	8	1	0	2	1	2
Gene_2533	292	283	441	317	275	402	331	233
Gene_2534	70199	64956	70453	85438	78625	42190	63007	61254
Gene_2535	15	12	8	24	36	58	65	74
Gene_2536	2480	3106	2465	2571	2405	1215	2355	2843
Gene_2537	9	9	5	11	8	12	9	4
Gene_2538	2	1	3	0	1	0	0	3
Gene_2539	642	656	728	964	576	739	776	723
Gene_2540	1683	1727	1516	1317	2206	1592	1407	1750
Gene_2541	9	7	4	5	6	4	4	6
Gene_2542	0	0	2	0	0	2	1	3
Gene_2543	14	3	6	8	9	10	6	9
Gene_2544	1	1	2	4	1	4	6	0
Gene_2545	3	3	4	2	0	4	2	4
Gene_2546	5263	6378	8972	6272	23830	44824	49428	36697
Gene_2547	234	267	200	242	227	168	274	227
Gene_2548	1184	1344	1125	1405	1607	2297	1336	1080
Gene_2549	0	3	3	1	1	1	7	3
Gene_2550	8	13	12	14	55	33	32	23
Gene_2551	377	291	295	220	258	257	285	239
Gene_2552	1	0	2	0	1	0	1	0
Gene_2553	5221	5531	4098	3827	4104	7021	5782	6273
Gene_2554	299	355	217	349	373	243	358	253
Gene_2555	1	0	0	1	1	0	0	2
Gene_2556	274	308	295	175	263	315	191	295
Gene_2557	2501	4485	2632	2622	3014	3032	3434	2034
Gene_2558	20	52	29	25	25	19	32	28
Gene_2559	9	3	8	3	5	0	11	11
Gene_2560	0	0	0	0	0	0	0	0
Gene_2561	10	19	10	13	18	17	26	13
Gene_2562	1273	893	1681	1723	1460	960	1513	996
Gene_2563	14	10	14	10	11	9	10	4
Gene_2564	9528	6478	8398	8179	8538	10256	9331	5681
Gene_2565	5	0	1	2	3	4	2	2
Gene_2566	1535	1995	1758	1426	961	1523	1905	1952
Gene_2567	81	41	40	72	38	41	62	47
Gene_2568	0	0	0	1	4	2	0	0
Gene_2569	2	4	0	6	5	2	9	4
Gene_2570	117	162	145	168	40	42	43	53
Gene_2571	9	5	9	8	31	28	35	33
Gene_2572	46	26	32	52	30	42	29	36
Gene_2573	101	49	65	83	119	93	71	81
Gene_2574	48	46	55	38	36	44	29	59
Gene_2575	1256	1295	1104	821	727	1491	884	660
Gene_2576	1	0	2	1	0	1	2	1
Gene_2577	704	704	831	692	1046	944	723	659
Gene_2578	242	318	297	286	292	349	264	324
Gene_2579	2159	2108	3822	2501	2690	3277	2934	3577
Gene_2580	1004	1254	1409	1052	1400	872	1234	1437
Gene_2581	28	35	29	40	45	38	26	27
Gene_2582	10402	13154	9991	8384	3642	3687	4428	1995
Gene_2583	124	95	120	116	123	92	136	107
Gene_2584	893	986	1376	1065	489	462	409	301
Gene_2585	162	149	101	120	167	139	158	113
Gene_2586	166	167	222	199	186	205	162	157
Gene_2587	15	20	10	25	25	31	20	15
Gene_2588	200	173	141	398	945	859	1028	1042
Gene_2589	40	42	56	63	61	18	47	32
Gene_2590	7489	8287	8595	8356	10042	7301	7591	6858
Gene_2591	369	320	304	220	231	306	301	283
Gene_2592	1	0	0	1	2	1	0	0
Gene_2593	15729	17772	13506	13608	16133	10116	15547	22181
Gene_2594	29	18	20	11	14	13	20	9
Gene_2595	3	2	1	2	1	2	1	1
Gene_2596	0	0	0	0	1	0	1	0
Gene_2597	675	864	583	1101	4473	2946	2986	4804
Gene_2598	7417	8104	9594	9434	9502	8871	4957	10088
Gene_2599	85	50	85	96	29	31	29	28
Gene_2600	3765	4519	5699	6834	4147	5650	4743	4351
Gene_2601	24	34	17	28	24	13	19	36
Gene_2602	9850	9171	7031	3360	25830	30904	28683	30203
Gene_2603	200	134	90	113	103	110	134	107
Gene_2604	1	1	3	0	0	0	2	4
Gene_2605	102	77	86	89	106	126	62	122
Gene_2606	445	695	730	551	442	648	668	598
Gene_2607	376	552	403	379	334	389	527	495
Gene_2608	904	1334	1125	1218	878	1590	759	909
Gene_2609	9	6	3	15	11	7	4	4
Gene_2610	1869	1877	2896	1631	609	376	681	646
Gene_2611	7	2	9	6	2	4	3	8
Gene_2612	10	9	4	9	5	3	13	9
Gene_2613	50	40	48	58	42	53	62	39
Gene_2614	47	56	34	80	88	70	72	102
Gene_2615	15832	8575	17742	18419	57430	47076	46056	57496
Gene_2616	494	661	329	302	463	410	559	415
Gene_2617	606	654	654	724	577	656	793	831
Gene_2618	571	850	793	670	935	603	655	545
Gene_2619	2	3	2	4	1	1	3	1
Gene_2620	512	736	611	612	727	975	678	819
Gene_2621	102	109	168	142	122	117	73	72
Gene_2622	7	8	9	11	19	17	4	12
Gene_2623	0	2	4	4	5	3	6	4
Gene_2624	12	20	28	22	34	21	31	31
Gene_2625	3	3	4	3	5	2	3	2
Gene_2626	14	15	26	23	13	17	10	15
Gene_2627	642	1355	875	1067	1071	1455	900	1176
Gene_2628	1	2	1	0	1	1	1	3
Gene_2629	313	325	230	327	227	256	299	232
Gene_2630	2990	2557	4575	4752	2036	6352	5744	3740
Gene_2631	760	896	918	964	756	896	895	525
Gene_2632	145	60	56	82	120	104	100	82
Gene_2633	216	139	219	113	122	156	129	129
Gene_2634	199	174	183	176	114	155	165	128
Gene_2635	27446	21693	27005	29366	25943	24135	27552	23453
Gene_2636	4	1	7	10	8	6	6	5
Gene_2637	339	360	259	318	270	318	287	393
Gene_2638	12552	14294	13513	16168	13404	7966	14897	13792
Gene_2639	0	1	0	3	2	0	0	1
Gene_2640	42	69	43	64	73	67	58	33
Gene_2641	4	1	3	1	2	3	3	3
Gene_2642	7	4	13	6	9	19	12	15
Gene_2643	110	105	119	128	183	209	158	152
Gene_2644	4	5	6	5	5	5	6	8
Gene_2645	23058	20261	29003	19580	30072	25344	17515	24344
Gene_2646	1459	1543	2123	1727	903	1690	1347	1622
Gene_2647	9	6	4	7	9	1	4	5
Gene_2648	3	3	9	4	2	5	1	6
Gene_2649	9	9	7	8	11	6	6	8
Gene_2650	0	0	0	1	0	0	0	0
Gene_2651	68	55	50	49	84	32	27	48
Gene_2652	101	99	124	121	75	100	75	64
Gene_2653	153119	113797	110644	150149	122889	87743	141903	141035
Gene_2654	10229	10230	8777	13128	14082	9245	7570	10826
Gene_2655	16	20	16	23	7	6	4	9
Gene_2656	6	6	5	7	12	3	9	9
Gene_2657	12	11	2	9	4	16	8	6
Gene_2658	498	530	812	778	1022	698	660	584
Gene_2659	39469	56356	41187	42198	46605	46523	47908	50481
Gene_2660	10	3	3	4	5	4	5	2
Gene_2661	93	51	74	69	74	68	60	43
Gene_2662	588	733	453	617	394	337	877	460
Gene_2663	207945	327109	172891	162884	191817	176143	142827	157744
Gene_2664	31	25	64	19	9	7	7	22
Gene_2665	2294	2442	1910	4022	2630	2825	1907	2466
Gene_2666	1567	1636	1968	1371	840	533	582	668
Gene_2667	355	432	364	364	395	299	386	291
Gene_2668	445	294	395	489	340	424	234	284
Gene_2669	1269	1253	1221	1146	835	1307	1514	1422
Gene_2670	0	1	0	0	0	0	0	0
Gene_2671	604	332	677	804	878	615	777	670
Gene_2672	91660	66328	88218	97434	62186	66908	65285	67405
Gene_2673	2386	2053	2166	3319	2672	2041	2578	2157
Gene_2674	1067	656	868	500	676	602	569	487
Gene_2675	64	71	81	94	72	95	93	73
Gene_2676	28	20	23	30	31	28	55	37
Gene_2677	104	107	71	75	545	364	504	278
Gene_2678	0	0	2	0	0	0	0	1
Gene_2679	6811	4627	4297	5184	6949	4152	7438	6295
Gene_2680	1	1	0	1	0	0	0	0
Gene_2681	2677	1809	2652	3277	2165	1651	2301	1960
Gene_2682	21326	18107	24485	25816	13712	17690	31065	17948
Gene_2683	22	10	27	14	7	14	12	17
Gene_2684	4310	3312	4644	3152	3060	3504	2504	3807
Gene_2685	62	130	85	63	325	422	275	403
Gene_2686	129	153	202	143	119	134	164	112
Gene_2687	0	0	4	0	2	0	1	1
Gene_2688	0	1	0	1	0	1	0	1
Gene_2689	911	875	811	931	138	213	366	437
Gene_2690	430	291	542	431	480	400	294	445
Gene_2691	0	0	0	0	0	1	0	1
Gene_2692	10	3	4	6	7	4	6	10
Gene_2693	0	0	0	0	0	0	0	0
Gene_2694	673	339	717	523	623	487	421	423
Gene_2695	2	1	2	1	2	2	4	1
Gene_2696	1294	4013	2201	3281	2232	2396	2942	1564
Gene_2697	177	138	183	204	248	234	206	138
Gene_2698	63	44	95	95	129	92	101	70
Gene_2699	911	1294	1100	819	3245	3679	3575	3209
Gene_2700	270	268	182	194	283	222	167	329
Gene_2701	0	1	0	0	0	0	0	2
Gene_2702	7	3	9	4	4	7	4	13
Gene_2703	1	0	2	1	1	2	6	2
Gene_2704	1	2	2	2	6	12	1	4
Gene_2705	221	368	336	284	142	222	249	174
Gene_2706	43	112	73	75	51	69	96	113
Gene_2707	219	276	401	316	152	185	334	183
Gene_2708	47985	34401	43519	43543	28731	32208	33117	34901
Gene_2709	1788	2082	1253	1420	1862	1664	1129	1908
Gene_2710	5941	6355	4587	6202	5236	5858	5413	4998
Gene_2711	130	130	193	83	86	60	143	91
Gene_2712	7	2	3	4	4	3	3	3
Gene_2713	11445	8915	6818	6703	7029	8046	5573	4876
Gene_2714	106	151	229	295	202	161	160	169
Gene_2715	10	16	18	11	18	17	23	23
Gene_2716	383	507	269	640	675	537	538	633
Gene_2717	3681	4168	3699	4034	3667	3606	4318	4856
Gene_2718	159	72	87	96	27	33	45	40
Gene_2719	17311	22600	16712	13259	20678	20782	16161	22426
Gene_2720	2010	1467	1775	1278	705	712	1274	1494
Gene_2721	60	61	62	47	84	90	95	65
Gene_2722	1	5	1	4	3	1	0	0
Gene_2723	847	781	748	901	459	811	811	610
Gene_2724	10	32	26	6	21	33	28	23
Gene_2725	3453	3681	2815	2534	3815	2756	1811	2449
Gene_2726	95	44	86	76	82	80	50	63
Gene_2727	2766	4377	3441	4448	3033	3961	2992	4076
Gene_2728	23	17	16	30	12	21	18	8
Gene_2729	31	26	32	39	23	27	20	21
Gene_2730	1199	907	1051	1131	1035	818	1737	1127
Gene_2731	102	68	87	105	101	111	73	75
Gene_2732	213	248	203	246	159	183	166	161
Gene_2733	2255	2341	2396	2200	1945	1807	2799	2049
Gene_2734	1554	952	969	1131	987	1400	833	1370
Gene_2735	6386	8508	6183	6315	6283	7224	8235	5784
Gene_2736	33558	66616	44729	28519	28514	51224	37534	55441
Gene_2737	100	190	146	243	50	35	59	55
Gene_2738	6153	5049	5229	7844	4842	3933	6629	5907
Gene_2739	1	0	0	0	0	0	0	0
Gene_2740	18010	17127	18924	18652	14873	24122	15139	20668
Gene_2741	33	34	25	41	38	33	52	22
Gene_2742	4265	2265	3189	2832	6420	7457	1834	5323
Gene_2743	0	5	1	1	1	0	6	1
Gene_2744	2	6	4	0	1	1	3	2
Gene_2745	53	72	36	84	49	50	51	51
Gene_2746	0	1	1	3	0	2	3	6
Gene_2747	65	38	45	66	62	51	48	42
Gene_2748	120	53	47	72	89	96	109	73
Gene_2749	51	103	51	87	81	86	76	42
Gene_2750	17818	18610	19208	24729	16034	18784	24891	15134
Gene_2751	0	0	1	2	1	1	1	0
Gene_2752	0	0	0	1	0	0	0	0
Gene_2753	1645	1826	1976	1030	1132	963	1294	1644
Gene_2754	173	133	191	198	159	201	127	165
Gene_2755	554	424	399	419	180	263	156	145
Gene_2756	434	334	443	559	507	381	456	361
Gene_2757	1	1	3	2	0	1	1	1
Gene_2758	949	669	721	1030	1044	1151	773	1093
Gene_2759	2	1	10	3	0	1	1	0
Gene_2760	132	134	99	74	103	113	116	127
Gene_2761	330	350	401	303	221	351	280	366
Gene_2762	134	145	196	217	130	136	95	219
Gene_2763	383136	288552	538098	264018	232325	269394	300501	301206
Gene_2764	322	313	518	578	716	475	622	558
Gene_2765	34628	30347	37803	47682	36621	48736	38310	22797
Gene_2766	203	210	253	135	730	678	864	819
Gene_2767	21	25	29	20	37	15	38	19
Gene_2768	105	77	64	70	67	70	55	68
Gene_2769	19	15	18	10	12	6	9	12
Gene_2770	41	60	66	78	72	75	68	54
Gene_2771	9	13	10	12	25	18	13	17
Gene_2772	16	14	11	9	14	13	12	12
Gene_2773	125	105	128	115	87	77	110	80
Gene_2774	0	0	1	1	0	0	0	0
Gene_2775	8466	7754	7809	10529	34608	32828	24287	25666
Gene_2776	7	11	6	9	3	2	1	1
Gene_2777	6742	9394	16554	9098	15721	14916	15705	11433
Gene_2778	3988	2859	2857	3563	3140	2630	3078	2970
Gene_2779	1	2	0	5	0	4	1	1
Gene_2780	80	146	149	113	157	202	126	173
Gene_2781	500	606	683	628	784	738	644	645
Gene_2782	7	4	4	12	3	4	14	4
Gene_2783	7	24	12	14	10	19	19	17
Gene_2784	86	125	68	132	92	80	98	67
Gene_2785	65	43	97	98	82	110	89	90
Gene_2786	20	26	56	22	32	22	41	54
Gene_2787	3381	2439	2712	3106	2731	2779	1348	2678
Gene_2788	152	124	115	94	142	155	122	123
Gene_2789	12457	9166	15516	17006	16223	15774	16821	14003
Gene_2790	686	587	765	512	717	593	735	609
Gene_2791	4	2	1	2	2	2	1	1
Gene_2792	6	3	4	3	28	25	19	52
Gene_2793	358	339	241	328	296	314	395	301
Gene_2794	70	45	52	56	56	54	38	51
Gene_2795	25	37	34	33	41	33	38	37
Gene_2796	1486	2620	2691	2934	872	1114	932	879
Gene_2797	19	4	15	18	12	11	18	27
Gene_2798	1391	1469	1178	1198	1099	1241	1101	1199
Gene_2799	109	121	159	143	136	92	171	192
Gene_2800	46	28	71	43	53	34	41	83
Gene_2801	4	7	3	5	2	3	3	8
Gene_2802	363	487	377	316	408	296	360	306
Gene_2803	64	94	154	110	101	125	110	149
Gene_2804	5429	11854	8045	14045	7255	12523	11136	9703
Gene_2805	18	17	18	14	30	13	14	5
Gene_2806	86069	72708	67229	93898	49144	95782	73838	76100
Gene_2807	1455	2145	2638	1218	1200	1778	1724	1166
Gene_2808	587921	482696	438644	449781	415812	617573	333761	304009
Gene_2809	128	155	80	136	156	131	88	148
Gene_2810	22	24	14	12	21	19	20	6
Gene_2811	53	64	37	47	56	65	40	52
Gene_2812	12509	20196	9761	13532	16068	12820	19219	14666
Gene_2813	696	422	427	488	438	506	356	827
Gene_2814	0	0	0	0	0	0	0	0
Gene_2815	38	29	33	42	20	33	37	53
Gene_2816	85	80	91	77	482	411	216	439
Gene_2817	18	14	25	19	10	14	13	15
Gene_2818	0	0	0	1	0	1	1	0
Gene_2819	9	7	10	6	12	15	8	16
Gene_2820	1915	921	1250	1083	1714	2004	1512	1324
Gene_2821	57	79	47	69	24	14	22	11
Gene_2822	1600	2634	1980	1713	2502	2265	1666	1292
Gene_2823	326	231	260	176	238	167	252	237
Gene_2824	253	194	281	263	254	207	207	222
Gene_2825	9278	11532	9592	8263	11642	14774	14240	10183
Gene_2826	17	21	11	11	24	19	11	30
Gene_2827	662	587	636	618	433	484	692	613
Gene_2828	11	7	17	7	9	12	14	14
Gene_2829	1	0	3	0	1	1	2	2
Gene_2830	49	55	59	76	102	66	44	65
Gene_2831	32	26	27	13	6	4	8	8
Gene_2832	40	74	60	69	84	76	31	84
Gene_2833	5767	8330	6546	6289	7046	6700	6308	7087
Gene_2834	1	0	1	3	9	1	4	2
Gene_2835	30	20	38	20	10	36	16	23
Gene_2836	115	139	127	161	226	157	222	101
Gene_2837	2	2	5	11	9	5	3	6
Gene_2838	310	322	313	135	237	241	266	204
Gene_2839	0	1	4	0	3	5	2	1
Gene_2840	29	36	23	32	48	34	40	37
Gene_2841	0	0	0	0	0	1	0	0
Gene_2842	5549	4484	4517	10019	8771	6463	6289	4735
Gene_2843	11	19	23	20	61	58	90	73
Gene_2844	392	702	316	845	535	575	550	675
Gene_2845	4	8	5	5	2	0	7	6
Gene_2846	591	764	750	796	710	709	640	466
Gene_2847	750	895	806	865	830	658	725	618
Gene_2848	1099	2152	993	1200	2079	1900	1450	1750
Gene_2849	69	76	107	110	88	69	93	63
Gene_2850	691	601	493	631	1651	2458	2056	1993
Gene_2851	53	42	57	32	33	53	40	41
Gene_2852	127445	226965	168263	93548	102124	131863	182271	144623
Gene_2853	3107	3705	3580	2352	2892	2606	2765	3205
Gene_2854	49	31	43	49	65	54	48	41
Gene_2855	67	78	74	66	74	35	45	85
Gene_2856	1241	1116	616	1210	507	310	351	402
Gene_2857	1819217	1969763	2729571	1228506	1794178	1863947	2525687	3007192
Gene_2858	0	0	0	0	0	0	0	0
Gene_2859	0	0	0	0	0	0	0	0
Gene_2860	6	2	7	5	6	5	4	4
Gene_2861	2824	2198	2670	1913	688	639	996	854
Gene_2862	509	875	370	441	483	410	355	365
Gene_2863	45471	34871	30900	47073	241947	309284	143472	131017
Gene_2864	0	1	0	2	1	2	2	0
Gene_2865	72	85	81	82	62	93	91	87
Gene_2866	25	12	19	26	19	14	15	23
Gene_2867	1	0	2	1	5	3	5	2
Gene_2868	183	195	186	130	189	143	176	258
Gene_2869	112	99	103	127	390	247	512	414
Gene_2870	10	15	17	13	10	7	8	11
Gene_2871	8	6	2	3	2	4	6	5
Gene_2872	3564	3338	1630	4548	4462	2790	2741	6765
Gene_2873	10	8	7	4	5	7	3	5
Gene_2874	13	27	27	41	39	36	36	30
Gene_2875	7	9	7	4	6	6	9	3
Gene_2876	332	344	319	318	281	394	334	207
Gene_2877	21	20	18	26	19	8	24	28
Gene_2878	46	38	49	40	48	39	45	31
Gene_2879	2	3	3	4	1	5	2	4
Gene_2880	818	1260	925	1209	1262	891	1238	1533
Gene_2881	505	309	414	540	579	539	368	560
Gene_2882	290	185	157	320	239	170	259	295
Gene_2883	730	452	426	434	647	650	597	840
Gene_2884	10	17	18	26	16	10	24	15
Gene_2885	9	7	6	5	34	52	29	35
Gene_2886	38	70	53	35	10	14	10	17
Gene_2887	6801	8471	8414	11281	5399	5277	8227	5320
Gene_2888	741	1118	1017	935	811	449	1184	1217
Gene_2889	2532	3587	3319	3737	1901	1704	3066	2778
Gene_2890	429	248	403	292	363	382	405	229
Gene_2891	6718	7011	8974	8378	9572	5499	6342	7431
Gene_2892	0	0	0	0	0	0	0	0
Gene_2893	24	31	24	36	21	36	45	22
Gene_2894	64	39	26	29	40	53	72	41
Gene_2895	0	1	0	0	1	0	3	0
Gene_2896	44	28	25	22	27	28	26	48
Gene_2897	60	40	40	60	46	73	45	39
Gene_2898	87	112	73	185	69	110	89	114
Gene_2899	195	155	198	291	166	147	160	125
Gene_2900	0	1	0	1	0	1	0	1
Gene_2901	91	99	88	76	161	161	87	91
Gene_2902	0	0	0	1	1	0	0	0
Gene_2903	3	4	2	4	6	7	6	7
Gene_2904	2646	2707	4474	2906	2442	2342	1609	2343
Gene_2905	53	33	36	25	17	47	48	52
Gene_2906	11913	12466	11516	11063	7534	11839	8180	9692
Gene_2907	308	198	295	155	611	731	727	776
Gene_2908	3261	2855	3792	4241	1279	1402	802	1058
Gene_2909	7	14	8	12	9	9	14	7
Gene_2910	24	34	36	27	101	150	66	139
Gene_2911	14880	12782	14368	11534	15766	13088	21687	15434
Gene_2912	1330	906	836	930	901	890	858	712
Gene_2913	15	17	21	24	27	18	23	30
Gene_2914	279	516	177	243	304	307	330	477
Gene_2915	93	75	93	71	316	259	347	241
Gene_2916	3224	2559	3828	3211	3292	2279	2778	2640
Gene_2917	650	432	808	649	262	324	201	145
Gene_2918	4	11	1	5	6	8	13	1
Gene_2919	0	0	3	0	0	1	3	3
Gene_2920	3657	3719	5404	3191	3627	4804	3060	3245
Gene_2921	1043	689	825	660	2033	2836	3403	1903
Gene_2922	213	206	225	207	151	153	81	192
Gene_2923	0	3	0	4	1	3	3	7
Gene_2924	1	2	0	3	2	2	0	1
Gene_2925	45	65	26	35	21	53	44	33
Gene_2926	311	241	324	305	382	267	424	234
Gene_2927	411	280	272	300	249	268	249	323
Gene_2928	3077	1337	1818	1992	2111	2141	1745	1466
Gene_2929	140	174	263	196	53	74	65	61
Gene_2930	49	46	45	52	73	53	51	71
Gene_2931	100	124	98	91	101	86	110	77
Gene_2932	190	117	231	146	224	198	89	151
Gene_2933	0	1	0	0	0	0	0	0
Gene_2934	223	224	327	249	192	137	188	228
Gene_2935	855	709	693	667	585	533	472	702
Gene_2936	894	1223	875	944	893	1234	1093	1008
Gene_2937	12	18	26	31	35	25	23	26
Gene_2938	1867	2667	2148	1705	2060	1951	1586	2187
Gene_2939	317	241	193	253	194	408	281	286
Gene_2940	22	47	43	36	20	44	58	53
Gene_2941	90	74	71	87	66	87	67	107
Gene_2942	0	1	1	0	0	0	0	1
Gene_2943	13	12	11	6	12	12	9	6
Gene_2944	6	7	6	6	6	8	6	2
Gene_2945	19772	28204	30317	35086	24644	21303	28753	39202
Gene_2946	80	132	101	112	93	130	90	148
Gene_2947	304	519	363	411	350	394	289	396
Gene_2948	73	49	37	38	42	48	61	57
Gene_2949	45	56	42	22	32	32	47	52
Gene_2950	27	35	25	33	33	50	18	18
Gene_2951	17	8	9	10	6	9	25	10
Gene_2952	134	127	124	130	135	138	169	124
Gene_2953	3	1	3	1	3	4	3	1
Gene_2954	10	12	12	11	10	11	11	13
Gene_2955	692	774	478	608	1112	702	812	587
Gene_2956	293	274	221	245	314	198	337	270
Gene_2957	19	17	11	14	10	14	26	20
Gene_2958	39	43	42	49	31	35	58	54
Gene_2959	0	0	0	0	0	0	0	0
Gene_2960	7302	8250	5557	9404	7437	5959	7459	7114
Gene_2961	86	94	87	72	72	91	148	48
Gene_2962	74	96	111	82	63	102	105	116
Gene_2963	2	3	2	1	6	7	16	16
Gene_2964	0	0	0	0	0	0	0	0
Gene_2965	109	155	96	98	96	100	119	116
Gene_2966	116	124	102	84	94	102	117	104
Gene_2967	8	8	14	9	5	11	18	10
Gene_2968	192	154	240	155	235	180	243	265
Gene_2969	12	8	13	9	16	12	5	7
Gene_2970	8	16	16	16	62	60	49	51
Gene_2971	1076	677	702	651	738	682	1107	856
Gene_2972	7395	4415	3530	5709	4897	4870	3605	8464
Gene_2973	40	37	42	42	17	14	29	35
Gene_2974	1084	857	853	1083	1406	1057	865	1215
Gene_2975	6	2	4	1	4	4	4	4
Gene_2976	2	2	3	3	3	1	2	2
Gene_2977	56	53	48	53	56	36	85	44
Gene_2978	129	131	104	150	100	126	96	142
Gene_2979	90	92	76	111	117	74	123	99
Gene_2980	362	465	322	447	592	535	317	395
Gene_2981	462	388	345	461	467	504	313	412
Gene_2982	6142	5019	4242	5855	21618	23418	26563	23878
Gene_2983	3298	2113	2246	3908	2857	4105	1662	2160
Gene_2984	11	8	11	19	18	19	25	20
Gene_2985	42	26	37	40	61	24	32	34
Gene_2986	350	447	290	304	247	677	310	411
Gene_2987	9	3	4	10	10	7	3	2
Gene_2988	210	153	118	208	157	181	217	147
Gene_2989	7	7	6	10	7	5	13	5
Gene_2990	2575	2021	3001	3025	2722	2478	3241	3223
Gene_2991	16	27	13	16	22	19	20	27
Gene_2992	0	4	3	4	2	5	2	0
Gene_2993	135	181	284	244	194	176	211	215
Gene_2994	32	43	34	21	20	29	41	68
Gene_2995	63	52	61	81	57	66	51	41
Gene_2996	4729	6404	4915	4381	3594	9282	5329	4426
Gene_2997	95	69	100	80	75	87	81	54
Gene_2998	4	3	3	1	6	18	3	13
Gene_2999	47	34	68	47	91	41	85	66
Gene_3000	17	13	21	16	1	1	3	3
Gene_3001	176	414	537	396	400	404	240	324
Gene_3002	188	224	261	265	274	280	301	272
Gene_3003	4	5	3	3	6	4	3	6
Gene_3004	9	14	16	23	23	11	18	15
Gene_3005	62	68	54	53	10	14	19	18
Gene_3006	278	210	343	222	703	1051	1111	1019
Gene_3007	2136	1481	1186	1325	7101	9434	6311	5070
Gene_3008	774	396	637	544	633	644	789	706
Gene_3009	0	0	1	1	2	2	0	0
Gene_3010	368	349	427	275	248	409	465	220
Gene_3011	486	410	507	567	612	582	522	721
Gene_3012	6	7	7	5	2	4	5	3
Gene_3013	5	2	2	3	1	0	5	4
Gene_3014	23	38	35	34	49	45	23	19
Gene_3015	97	167	293	162	134	268	194	185
Gene_3016	195	100	98	178	54	59	55	74
Gene_3017	4	0	2	0	2	1	2	1
Gene_3018	12	10	5	10	11	3	7	14
Gene_3019	54	54	65	85	47	64	69	80
Gene_3020	2	3	0	3	2	0	3	1
Gene_3021	1	2	1	4	0	1	0	0
Gene_3022	777	531	573	502	530	555	598	596
Gene_3023	0	1	1	3	2	1	3	0
Gene_3024	168	253	256	164	237	213	128	217
Gene_3025	32	41	48	39	33	32	24	36
Gene_3026	3359	4042	4148	2966	9199	10054	7026	11066
Gene_3027	2822	1862	2296	1738	2429	1949	2163	1558
Gene_3028	237	217	165	169	193	223	216	259
Gene_3029	430	336	426	425	623	405	435	583
Gene_3030	493	420	532	351	460	386	702	377
Gene_3031	434	286	367	365	281	562	424	377
Gene_3032	0	4	5	1	2	0	1	1
Gene_3033	73	34	45	58	19	11	14	14
Gene_3034	2	3	1	0	1	0	0	3
Gene_3035	12	11	15	9	65	44	54	34
Gene_3036	498	412	465	460	367	320	545	327
Gene_3037	11	17	5	5	8	9	8	13
Gene_3038	304	268	319	452	448	384	282	357
Gene_3039	14	21	21	20	25	19	9	21
Gene_3040	417	635	475	552	476	654	704	601
Gene_3041	0	0	0	0	0	0	0	0
Gene_3042	9	15	8	7	4	5	9	17
Gene_3043	4	1	2	5	4	5	3	2
Gene_3044	432	543	652	646	596	524	797	577
Gene_3045	1526	1668	1808	1701	1951	1983	2750	1726
Gene_3046	19	25	12	32	16	13	10	21
Gene_3047	19	15	17	18	9	13	14	23
Gene_3048	13	28	19	18	19	22	18	19
Gene_3049	25	21	17	26	20	18	15	21
Gene_3050	8	11	5	10	17	14	16	9
Gene_3051	374	307	449	484	356	352	499	358
Gene_3052	0	1	1	0	1	0	2	0
Gene_3053	83	90	94	75	108	104	62	56
Gene_3054	0	1	1	0	1	0	1	1
Gene_3055	25899	32100	39244	43711	29602	49152	30641	43672
Gene_3056	2	2	5	4	6	1	2	12
Gene_3057	51	46	65	38	200	111	226	137
Gene_3058	1194	1261	966	917	872	649	1166	987
Gene_3059	7152	5018	5460	5974	7445	7878	4403	7357
Gene_3060	13	3	9	8	6	5	11	9
Gene_3061	0	1	3	0	19	15	11	17
Gene_3062	191	225	166	190	83	51	76	48
Gene_3063	244	236	300	318	354	249	384	409
Gene_3064	5966	7543	5217	5723	6819	7131	6074	12578
Gene_3065	54	36	48	63	37	64	30	33
Gene_3066	97	67	77	69	73	42	79	90
Gene_3067	222	191	359	391	287	348	280	391
Gene_3068	1100	1140	1978	1273	747	720	549	576
Gene_3069	1	4	3	2	4	3	7	5
Gene_3070	734	520	469	462	550	354	505	398
Gene_3071	24	52	39	38	32	41	62	55
Gene_3072	1	1	1	4	5	5	2	5
Gene_3073	138	217	140	200	205	148	230	167
Gene_3074	4	2	0	2	2	3	0	3
Gene_3075	287	160	170	185	158	158	245	186
Gene_3076	574	685	745	923	222	187	232	204
Gene_3077	3113	3861	5572	6012	5371	5281	2892	3851
Gene_3078	34	16	24	24	17	24	36	34
Gene_3079	41	25	51	47	34	40	34	45
Gene_3080	1060	500	423	500	535	373	289	856
Gene_3081	77	50	55	70	353	202	295	347
Gene_3082	132	111	161	138	168	155	239	129
Gene_3083	61	83	82	98	36	115	73	62
Gene_3084	1	1	2	0	3	0	1	1
Gene_3085	819	1196	875	636	978	1444	823	1256
Gene_3086	205	282	277	307	248	402	283	361
Gene_3087	1803	1216	1731	1135	1423	2141	1641	1427
Gene_3088	43	49	57	59	67	33	54	53
Gene_3089	850	766	884	754	866	863	775	885
Gene_3090	72	53	56	36	80	62	65	49
Gene_3091	0	0	0	0	0	0	0	0
Gene_3092	14	15	8	33	11	21	19	18
Gene_3093	149	181	203	193	199	177	240	184
Gene_3094	5	23	10	26	11	16	18	27
Gene_3095	1	0	0	0	0	2	0	0
Gene_3096	18	37	32	36	25	24	44	29
Gene_3097	2857	4003	2894	3233	3017	4370	3774	2747
Gene_3098	210	167	142	120	203	164	160	227
Gene_3099	0	1	0	1	0	1	0	2
Gene_3100	481	329	281	261	319	263	407	362
Gene_3101	755	864	578	728	597	787	971	557
Gene_3102	112	86	183	131	120	162	154	137
Gene_3103	74	59	100	51	207	237	271	261
Gene_3104	0	3	0	1	1	2	3	0
Gene_3105	49	38	42	53	67	61	52	47
Gene_3106	8	8	5	9	3	1	1	1
Gene_3107	17	10	20	22	25	8	10	23
Gene_3108	471	757	649	538	337	1179	591	632
Gene_3109	3	1	3	4	1	4	3	4
Gene_3110	1051	654	509	811	1003	818	1019	885
Gene_3111	68	53	63	45	51	43	44	40
Gene_3112	200	151	164	151	1006	577	521	701
Gene_3113	19852	8255	15489	10791	14556	15634	11806	10199
Gene_3114	454	479	308	426	370	210	357	412
Gene_3115	0	0	1	0	0	1	0	1
Gene_3116	1094	1338	1535	742	788	985	767	1488
Gene_3117	32	16	36	40	29	33	36	14
Gene_3118	45	55	45	45	56	51	55	58
Gene_3119	44245	35818	41590	42004	54432	49738	50554	78026
Gene_3120	61	44	20	31	61	38	61	46
Gene_3121	11	14	7	4	10	4	10	9
Gene_3122	10	14	9	8	1	4	2	5
Gene_3123	1	4	3	3	0	5	1	3
Gene_3124	66	54	34	45	51	55	38	28
Gene_3125	2	3	1	2	2	3	1	2
Gene_3126	0	0	0	0	1	0	0	0
Gene_3127	33	31	30	28	175	183	110	186
Gene_3128	40	40	25	38	41	27	31	20
Gene_3129	354	301	317	398	248	309	349	399
Gene_3130	183	162	187	146	177	229	181	134
Gene_3131	4	7	6	3	13	11	4	12
Gene_3132	13	10	8	6	10	9	17	13
Gene_3133	5	6	6	10	5	4	5	7
Gene_3134	0	1	0	1	0	0	0	3
Gene_3135	6454	3698	5383	3518	7315	8911	3761	3887
Gene_3136	942	1565	1073	1829	1391	1919	2001	1650
Gene_3137	11	6	7	12	6	10	14	11
Gene_3138	0	0	2	3	2	0	0	1
Gene_3139	2	2	2	1	0	0	3	0
Gene_3140	70	94	97	67	64	69	94	83
Gene_3141	2	1	0	1	0	0	0	0
Gene_3142	48	64	59	96	58	49	61	72
Gene_3143	59	66	102	78	70	58	93	74
Gene_3144	14914	15313	13638	21881	16391	14687	13776	21882
Gene_3145	5	2	1	5	2	1	5	2
Gene_3146	58	32	24	26	44	49	49	41
Gene_3147	93	106	75	73	99	73	91	67
Gene_3148	38	14	14	16	27	22	19	14
Gene_3149	2102	1638	2185	1829	2184	1504	2126	2215
Gene_3150	548	588	751	529	424	411	282	481
Gene_3151	228	116	196	146	231	155	251	206
Gene_3152	262	247	159	246	244	382	278	229
Gene_3153	4128	3198	2555	2765	2479	3180	2745	2345
Gene_3154	284	370	348	353	145	70	108	157
Gene_3155	14015	15802	17894	10883	13679	11306	14959	18441
Gene_3156	7601	6123	5745	7409	31916	26893	27897	29525
Gene_3157	244	156	168	136	170	122	175	277
Gene_3158	1969	987	721	1296	5503	6426	4928	4920
Gene_3159	2	0	0	0	0	0	1	1
Gene_3160	4	13	3	5	9	9	1	4
Gene_3161	4	2	1	4	1	0	1	1
Gene_3162	775	640	754	784	585	611	608	1062
Gene_3163	9	5	9	7	6	8	6	6
Gene_3164	0	3	0	0	0	1	0	0
Gene_3165	278	164	275	187	312	377	217	264
Gene_3166	6171	3512	4428	4952	3044	4397	3574	3907
Gene_3167	128	104	106	133	112	176	139	149
Gene_3168	304	240	361	274	54	113	88	110
Gene_3169	4209	6445	6680	4072	10415	21626	18105	15133
Gene_3170	0	0	0	0	0	0	0	0
Gene_3171	14	16	11	10	18	21	17	13
Gene_3172	14	15	10	11	11	7	7	20
Gene_3173	19	9	16	12	45	65	61	43
Gene_3174	101	128	106	116	96	104	190	142
Gene_3175	137	217	202	170	222	147	143	93
Gene_3176	45	56	42	61	41	61	61	59
Gene_3177	15588	13269	12963	15197	6432	8872	4683	5078
Gene_3178	176	200	181	175	45	51	44	44
Gene_3179	2300	2539	2166	2547	3122	3645	3121	4028
Gene_3180	78	57	76	35	44	61	93	39
Gene_3181	288	362	270	325	69	143	198	122
Gene_3182	407	615	934	1602	715	837	642	737
Gene_3183	17	30	22	23	25	16	7	19
Gene_3184	82	158	100	67	113	66	88	77
Gene_3185	24	19	33	36	27	13	25	18
Gene_3186	0	0	0	0	0	0	0	0
Gene_3187	1743	1571	1708	641	1659	2031	2102	1817
Gene_3188	214	241	128	178	249	134	218	376
Gene_3189	3	4	4	1	2	4	3	2
Gene_3190	54	61	66	52	45	79	35	68
Gene_3191	249	319	269	141	79	50	64	76
Gene_3192	48	39	54	29	46	27	46	47
Gene_3193	1	2	2	5	4	1	0	6
Gene_3194	52075	70677	66345	65680	71625	82740	84366	88341
Gene_3195	10	7	16	10	14	14	13	12
Gene_3196	0	0	0	0	1	0	1	2
Gene_3197	1948	1454	1537	924	1394	1356	2043	1505
Gene_3198	287	287	383	333	297	285	276	193
Gene_3199	438	467	412	230	1554	1225	1337	1325
Gene_3200	6	6	1	4	3	2	5	7
Gene_3201	2577	3258	2516	2746	3628	3964	2381	3691
Gene_3202	9	3	4	7	4	2	7	3
Gene_3203	0	0	2	1	0	1	1	2
Gene_3204	7	9	5	11	10	10	7	13
Gene_3205	73	83	60	85	83	58	45	79
Gene_3206	0	0	0	0	0	0	0	0
Gene_3207	1116	1147	482	1133	1011	1007	816	920
Gene_3208	19	32	20	32	27	16	32	26
Gene_3209	7	5	6	6	7	4	5	1
Gene_3210	11117	12562	14559	16402	10413	9741	15819	9751
Gene_3211	22	18	11	12	16	22	13	22
Gene_3212	250	235	341	330	381	239	246	255
Gene_3213	8	6	15	8	16	19	11	6
Gene_3214	13	8	8	4	11	4	10	4
Gene_3215	13	17	13	15	16	14	17	11
Gene_3216	0	0	0	0	0	1	0	0
Gene_3217	0	1	1	1	1	1	6	1
Gene_3218	8979	6085	8077	5037	7607	6521	6528	7838
Gene_3219	406	574	497	446	760	454	797	429
Gene_3220	430	256	229	224	335	264	253	402
Gene_3221	131424	139384	62685	107327	110276	103715	108183	108931
Gene_3222	5	8	7	4	3	3	1	3
Gene_3223	74	78	93	81	76	82	56	102
Gene_3224	290	281	346	305	188	188	173	343
Gene_3225	3	3	1	3	4	3	1	1
Gene_3226	739	644	340	677	526	539	718	699
Gene_3227	271	229	201	225	147	206	168	195
Gene_3228	1	5	1	4	1	2	1	0
Gene_3229	18	15	14	10	16	13	11	10
Gene_3230	228	228	312	304	298	332	308	472
Gene_3231	19	31	40	30	24	20	23	25
Gene_3232	1334	1298	1761	1471	1165	891	1076	1036
Gene_3233	450	430	396	666	413	479	540	456
Gene_3234	91	106	164	109	155	189	149	150
Gene_3235	0	0	1	0	0	2	0	0
Gene_3236	77	59	85	79	322	319	246	420
Gene_3237	113	130	109	107	71	96	95	57
Gene_3238	0	0	0	0	0	0	0	0
Gene_3239	45	42	48	33	39	60	47	48
Gene_3240	12696	13627	19457	14080	15670	16249	20012	17657
Gene_3241	29	31	18	16	14	19	12	29
Gene_3242	19	22	24	32	10	6	10	8
Gene_3243	300	326	307	350	265	222	382	356
Gene_3244	11	13	16	15	18	13	16	18
Gene_3245	0	0	1	1	0	0	3	0
Gene_3246	1800	1786	1547	1164	1216	1243	2309	1789
Gene_3247	557	999	754	780	661	856	549	712
Gene_3248	163	175	193	178	115	121	166	113
Gene_3249	16	23	14	18	21	9	9	23
Gene_3250	25351	33739	28658	34273	30673	26234	16132	29557
Gene_3251	137	275	192	275	251	254	220	153
Gene_3252	318	292	367	286	87	133	88	107
Gene_3253	9511	8002	10638	9283	6568	3495	8171	9166
Gene_3254	162	180	219	142	117	137	128	187
Gene_3255	77	62	52	54	67	46	64	47
Gene_3256	28	36	29	30	23	24	30	9
Gene_3257	2	5	4	5	0	0	1	0
Gene_3258	128	111	118	114	98	123	92	83
Gene_3259	316	258	272	144	221	298	176	241
Gene_3260	430	408	585	580	516	564	512	703
Gene_3261	20	13	11	15	25	12	26	13
Gene_3262	79	65	91	103	60	65	57	58
Gene_3263	320	300	277	244	270	215	357	227
Gene_3264	1513	1888	2369	1736	2113	1860	1694	2660
Gene_3265	244	386	385	238	358	390	385	332
Gene_3266	126193	133645	106381	94987	120557	107899	160096	102444
Gene_3267	2628	2053	2455	2245	2838	2221	3449	2721
Gene_3268	7038	4944	9761	5242	7340	6708	10112	5327
Gene_3269	4506	4408	5276	5564	1642	1606	3032	2401
Gene_3270	387	531	341	484	440	425	377	705
Gene_3271	0	0	0	0	0	0	0	0
Gene_3272	2869	3033	1852	2887	2791	1948	2765	2101
Gene_3273	3	0	2	0	0	1	0	0
Gene_3274	1063	1732	1971	1353	1874	1510	2115	1713
Gene_3275	2379	2453	2714	3289	2024	2109	3186	2150
Gene_3276	1195	1061	1356	1092	954	1695	1143	1192
Gene_3277	62	39	34	24	55	25	27	63
Gene_3278	722	704	695	510	776	588	625	737
Gene_3279	23	26	13	22	30	31	21	25
Gene_3280	2	3	0	4	4	1	2	4
Gene_3281	30237	56943	43737	45767	33962	39049	56045	43254
Gene_3282	1	6	8	6	5	7	13	9
Gene_3283	6	4	6	8	2	4	9	7
Gene_3284	8221	9088	5723	7076	18748	24872	32945	20904
Gene_3285	137	112	59	115	424	366	473	623
Gene_3286	1	0	0	1	0	0	0	2
Gene_3287	7	2	3	4	1	2	1	2
Gene_3288	1137	1158	1228	1654	792	1192	1175	1426
Gene_3289	1	4	5	5	6	8	2	4
Gene_3290	8053	8748	6764	7608	5044	7725	9878	8710
Gene_3291	1295	1740	1656	1942	7896	11329	7542	9153
Gene_3292	9885	17167	18157	16800	19127	17290	12765	14958
Gene_3293	2	1	0	7	3	1	1	1
Gene_3294	1	0	3	0	1	0	1	0
Gene_3295	1460	1101	1330	1039	1379	1207	1177	1002
Gene_3296	9028	5309	7985	7112	5235	5884	6678	4852
Gene_3297	60816	60200	43733	52528	59843	59625	51989	52401
Gene_3298	1017	1053	781	1126	682	991	1076	621
Gene_3299	19	21	15	32	7	7	3	5
Gene_3300	3174	3817	2945	3198	2923	3597	2733	3558
Gene_3301	75	68	41	66	66	60	53	50
Gene_3302	80	92	76	75	73	44	31	102
Gene_3303	4125	2851	5665	5265	4724	5885	5128	4821
Gene_3304	23	33	25	59	30	43	48	51
Gene_3305	0	0	2	1	1	2	0	4
Gene_3306	35	43	53	44	45	50	56	52
Gene_3307	98	79	93	102	86	98	116	113
Gene_3308	5	2	2	3	3	5	2	2
Gene_3309	3	0	4	0	1	0	0	0
Gene_3310	1846	2634	2587	1752	1974	2444	3291	3334
Gene_3311	100	151	95	163	116	137	109	111
Gene_3312	198	200	202	165	673	883	946	967
Gene_3313	1614	896	1411	1518	849	1781	922	1895
Gene_3314	69	65	118	116	106	100	74	54
Gene_3315	187236	145464	225030	178986	167260	346476	145349	176604
Gene_3316	66159	36220	73302	64187	48868	46312	48706	48834
Gene_3317	1460	1256	1302	987	656	589	713	391
Gene_3318	1	1	7	7	7	6	5	7
Gene_3319	4414	4214	5393	4320	3379	3870	4895	5140
Gene_3320	130	124	137	180	127	133	127	147
Gene_3321	0	1	2	1	0	1	1	0
Gene_3322	6780	8208	6822	5125	6312	6490	4323	4607
Gene_3323	2226	3064	1612	3416	2493	2448	2049	3662
Gene_3324	5220	4835	3841	6335	6685	4434	4396	4947
Gene_3325	402	295	246	449	297	260	374	452
Gene_3326	230	132	189	173	254	229	154	273
Gene_3327	3	2	1	0	3	3	1	0
Gene_3328	7	4	5	2	0	4	2	3
Gene_3329	0	1	0	1	1	0	2	3
Gene_3330	54204	42227	47269	52321	33430	40516	42496	52165
Gene_3331	220	196	231	191	84	81	91	80
Gene_3332	13	6	12	13	15	12	9	11
Gene_3333	0	0	0	0	0	0	0	0
Gene_3334	122	162	162	161	147	135	145	150
Gene_3335	0	4	0	0	0	0	0	1
Gene_3336	98	102	87	95	420	409	460	392
Gene_3337	66	63	108	101	65	99	103	88
Gene_3338	4	4	5	4	2	2	3	0
Gene_3339	9	5	4	2	3	2	3	2
Gene_3340	207	141	140	108	103	114	140	141
Gene_3341	13	18	15	18	20	18	19	24
Gene_3342	5268	4889	4479	4623	3140	3672	4242	4419
Gene_3343	5770	3790	4461	3753	6647	4237	4188	4528
Gene_3344	86	68	84	51	403	230	423	281
Gene_3345	1	2	3	0	3	2	2	4
Gene_3346	104	70	117	156	126	112	140	76
Gene_3347	9	5	5	5	7	11	9	11
Gene_3348	3	6	5	7	1	5	6	4
Gene_3349	657	1426	1519	1117	1071	1027	896	1491
Gene_3350	117	63	77	117	79	119	88	116
Gene_3351	1087	1221	1238	1229	1636	1218	1678	1722
Gene_3352	29	29	37	29	28	36	52	26
Gene_3353	10479	9358	10810	6191	4623	6737	4546	6728
Gene_3354	1961	1876	1437	1686	1843	1351	1799	1767
Gene_3355	112	92	73	96	98	99	101	119
Gene_3356	3	2	2	4	3	1	1	1
Gene_3357	6	3	4	1	2	2	5	1
Gene_3358	1244	706	704	849	384	341	384	398
Gene_3359	0	0	0	1	0	1	0	0
Gene_3360	220	267	308	312	202	304	305	224
Gene_3361	886	806	920	979	2778	3538	5104	3052
Gene_3362	295	326	272	388	138	140	119	91
Gene_3363	268093	277504	403312	396937	444068	258817	256775	265019
Gene_3364	1	0	0	1	1	0	0	0
Gene_3365	151	155	192	104	152	177	148	195
Gene_3366	10	16	6	3	15	16	8	6
Gene_3367	6	14	23	15	15	7	13	16
Gene_3368	61	24	37	15	72	32	28	39
Gene_3369	825	614	406	713	604	645	699	382
Gene_3370	828	1053	790	886	947	997	702	744
Gene_3371	2	2	0	1	0	1	1	1
Gene_3372	44	32	40	36	27	20	25	30
Gene_3373	2233	2566	1712	2445	2840	2135	1808	1801
Gene_3374	1588	2302	1441	1758	386	518	304	595
Gene_3375	1	1	0	2	0	1	1	3
Gene_3376	1107	696	801	1018	788	714	647	933
Gene_3377	3753	3273	4388	4081	11417	24152	16408	13931
Gene_3378	16	18	19	18	23	18	21	22
Gene_3379	93	85	102	73	83	119	115	77
Gene_3380	69	48	59	44	74	41	63	60
Gene_3381	11	21	13	14	16	13	12	24
Gene_3382	24	57	53	31	30	46	32	27
Gene_3383	43	77	19	34	157	85	204	172
Gene_3384	48	45	56	36	66	41	40	39
Gene_3385	2	0	2	3	3	0	1	5
Gene_3386	353	603	581	582	868	531	662	514
Gene_3387	559	449	374	496	447	197	347	431
Gene_3388	75	109	36	39	16	13	19	12
Gene_3389	129	117	158	202	53	35	51	53
Gene_3390	0	1	2	0	1	2	0	1
Gene_3391	122	118	188	128	81	143	109	70
Gene_3392	771	468	633	579	362	500	491	435
Gene_3393	43	28	40	33	16	24	14	16
Gene_3394	70	55	56	70	92	56	55	81
Gene_3395	189	327	243	156	247	211	211	85
Gene_3396	2	2	3	0	0	1	0	0
Gene_3397	2792	2733	2681	2552	2499	4112	2450	2088
Gene_3398	3523	5112	6120	3841	5959	6512	4435	3650
Gene_3399	1538	1715	1343	1176	1553	725	1363	1186
Gene_3400	18	21	11	15	52	71	71	55
Gene_3401	1275	1312	1436	1225	1416	1115	1637	1121
Gene_3402	386	465	704	411	668	652	631	408
Gene_3403	513	542	589	487	329	517	793	542
Gene_3404	160	221	132	146	57	96	57	78
Gene_3405	1962	1795	1254	1670	1063	1487	1685	1091
Gene_3406	59	75	76	47	26	91	46	62
Gene_3407	865	1599	1054	975	1207	1081	1599	1055
Gene_3408	22	54	55	68	56	47	48	51
Gene_3409	11	4	13	13	6	2	6	6
Gene_3410	26	10	13	36	11	21	14	12
Gene_3411	190	114	119	96	363	655	401	417
Gene_3412	3008	2492	1791	3398	1982	3321	3506	2645
Gene_3413	77	88	45	110	57	80	62	81
Gene_3414	839	657	818	824	573	568	763	946
Gene_3415	194553	192151	379836	293228	289921	347659	395725	439577
Gene_3416	4	3	4	2	15	22	6	25
Gene_3417	10	6	3	15	6	6	10	10
Gene_3418	555	447	456	581	855	630	646	508
Gene_3419	0	0	1	0	0	0	0	0
Gene_3420	10	13	15	15	47	60	54	67
Gene_3421	80	67	88	99	77	108	95	89
Gene_3422	0	1	1	2	0	3	0	0
Gene_3423	4482	3296	4297	4743	3717	3885	4018	4794
Gene_3424	7	11	7	6	7	8	10	12
Gene_3425	48	81	70	61	191	191	289	280
Gene_3426	4083	3522	3917	4543	21437	12751	15699	22944
Gene_3427	528	565	386	426	1608	1955	1874	2104
Gene_3428	281	286	367	281	303	230	253	237
Gene_3429	45	64	43	68	102	54	64	79
Gene_3430	101	83	70	65	77	89	107	89
Gene_3431	105	110	148	138	96	152	86	80
Gene_3432	1	3	4	4	4	4	1	2
Gene_3433	379	266	291	394	230	232	281	276
Gene_3434	9	9	15	11	15	9	12	15
Gene_3435	0	2	1	0	0	1	1	0
Gene_3436	959	591	439	671	1976	2948	2332	1999
Gene_3437	0	0	0	0	0	0	0	0
Gene_3438	284	292	274	322	320	255	275	376
Gene_3439	86	93	106	92	95	104	119	136
Gene_3440	0	4	4	0	0	1	2	1
Gene_3441	697	685	610	570	653	682	799	827
Gene_3442	47	60	60	38	50	73	49	35
Gene_3443	40	56	80	55	65	59	52	75
Gene_3444	110	80	78	64	105	56	132	84
Gene_3445	201	144	137	140	127	128	178	181
Gene_3446	3	9	8	10	34	33	28	33
Gene_3447	428	548	733	535	635	846	534	664
Gene_3448	113	125	105	90	108	97	83	81
Gene_3449	12	26	16	19	13	10	14	15
Gene_3450	236	349	225	190	230	213	236	172
Gene_3451	92	78	76	59	64	115	56	91
Gene_3452	33	40	37	46	23	43	17	34
Gene_3453	154	137	107	158	288	166	84	118
Gene_3454	2965	2865	4030	1979	1600	2587	1820	2669
Gene_3455	360	465	288	408	434	506	358	468
Gene_3456	5990	5137	5100	4612	3886	5208	6532	5243
Gene_3457	216	381	352	365	379	321	230	357
Gene_3458	396	404	988	360	438	600	405	734
Gene_3459	100	124	79	84	100	97	80	111
Gene_3460	3723	3484	2796	3009	2260	2445	2247	2763
Gene_3461	8	21	6	18	11	9	19	8
Gene_3462	595	273	546	698	568	499	560	552
Gene_3463	112964	97169	113630	92306	83917	65285	90528	56870
Gene_3464	0	0	0	0	0	0	0	0
Gene_3465	18	30	23	31	32	31	39	41
Gene_3466	177	139	171	179	799	1009	524	600
Gene_3467	300	308	283	419	318	302	424	331
Gene_3468	90	90	58	84	26	25	24	19
Gene_3469	114	123	211	180	173	162	229	194
Gene_3470	15	16	20	9	16	15	15	21
Gene_3471	7187	9967	11012	9988	6272	7046	10954	8332
Gene_3472	606	1056	652	831	876	853	628	929
Gene_3473	17	34	36	27	33	21	25	20
Gene_3474	32	39	54	38	155	304	231	213
Gene_3475	1	5	4	6	9	3	3	2
Gene_3476	227	269	329	190	267	204	302	302
Gene_3477	0	0	0	0	0	0	0	0
Gene_3478	73	80	50	78	40	103	62	63
Gene_3479	0	1	0	0	3	1	0	0
Gene_3480	287	452	248	408	279	484	378	223
Gene_3481	1916	2609	2339	2868	1812	1807	1563	2214
Gene_3482	3132	4675	4188	3929	4951	3695	3087	5533
Gene_3483	2396	2091	1544	2144	1672	2031	2401	2282
Gene_3484	0	0	0	2	1	2	5	4
Gene_3485	511	428	384	434	1917	2354	2176	2198
Gene_3486	6786	12395	7704	10184	12653	8688	10342	8443
Gene_3487	96	108	94	112	67	105	63	122
Gene_3488	10	11	8	12	8	1	7	12
Gene_3489	29	39	33	34	41	52	35	46
Gene_3490	9	7	4	11	6	8	6	5
Gene_3491	4442	5673	5084	5555	2844	6566	4096	3155
Gene_3492	58	36	73	47	51	72	36	47
Gene_3493	9	11	20	15	13	10	12	20
Gene_3494	89	71	54	91	80	80	80	52
Gene_3495	5390	3994	4931	3885	5383	4084	4177	3196
Gene_3496	8	21	15	13	10	12	11	14
Gene_3497	7	9	9	5	4	0	3	2
Gene_3498	7	8	15	3	4	9	0	12
Gene_3499	4896	5010	4117	5134	4465	3490	6203	4679
Gene_3500	5	7	8	7	6	5	7	3
Gene_3501	1497	3563	1811	2062	1904	2429	3033	2248
Gene_3502	212	189	159	159	151	209	99	143
Gene_3503	1	3	6	4	3	3	3	2
Gene_3504	2	3	2	1	1	1	2	1
Gene_3505	5	13	18	12	51	31	64	56
Gene_3506	30	24	30	24	36	37	37	40
Gene_3507	0	0	0	0	0	0	0	0
Gene_3508	7315	11685	14861	12917	7421	12629	8039	14644
Gene_3509	3458	4180	4609	4225	3348	5065	5215	3756
Gene_3510	44	28	23	16	29	34	29	33
Gene_3511	0	0	0	0	0	0	0	0
Gene_3512	13	25	27	22	28	26	20	21
Gene_3513	108	78	90	109	100	106	75	73
Gene_3514	221	234	224	165	933	766	934	623
Gene_3515	1042	2158	1105	1096	2004	1816	957	1031
Gene_3516	7	8	13	11	7	2	11	12
Gene_3517	412	379	354	207	225	271	476	338
Gene_3518	6156	3701	4504	6825	4755	4334	4824	5289
Gene_3519	35	26	28	45	43	20	25	33
Gene_3520	164	204	187	182	176	182	188	124
Gene_3521	1347	1296	1331	1105	1348	1316	728	969
Gene_3522	33	64	36	39	82	36	51	47
Gene_3523	149	122	155	125	94	100	144	198
Gene_3524	10	13	9	10	8	16	11	16
Gene_3525	7	5	3	9	2	5	4	2
Gene_3526	25	18	15	31	20	32	19	13
Gene_3527	3171	3483	4535	3535	2348	3025	3159	2870
Gene_3528	3	9	4	9	9	11	7	11
Gene_3529	1003	1269	974	932	1381	1567	983	1312
Gene_3530	5019	3508	3727	2799	3228	5559	4920	3741
Gene_3531	136	130	128	163	152	100	177	160
Gene_3532	374	265	252	207	336	308	455	284
Gene_3533	61	74	72	74	73	67	92	59
Gene_3534	4256	3622	4525	7157	5592	5625	5887	3932
Gene_3535	5766	4673	5177	6928	6461	4691	5766	4027
Gene_3536	3	2	3	6	3	3	4	3
Gene_3537	10	13	20	18	13	9	21	9
Gene_3538	18	29	26	19	29	30	24	25
Gene_3539	616	529	576	680	519	701	336	599
Gene_3540	1	4	3	1	3	3	0	0
Gene_3541	5	0	4	3	3	1	6	4
Gene_3542	407	369	263	244	276	377	330	396
Gene_3543	43	27	18	25	5	9	8	2
Gene_3544	26	29	32	33	34	32	31	31
Gene_3545	17	8	8	10	17	16	10	13
Gene_3546	26	27	17	34	10	23	20	19
Gene_3547	21	21	27	16	12	19	10	12
Gene_3548	164	172	143	111	85	167	101	104
Gene_3549	341	431	394	687	280	546	334	582
Gene_3550	30	59	48	75	75	57	67	44
Gene_3551	222	218	166	96	149	131	196	161
Gene_3552	2	0	2	4	1	1	1	1
Gene_3553	4	1	4	2	1	2	1	2
Gene_3554	31	37	43	24	13	33	42	51
Gene_3555	299	340	212	320	269	212	297	299
Gene_3556	2552	1937	2156	1778	1792	1953	1405	2516
Gene_3557	494	569	516	635	700	610	625	887
Gene_3558	52	40	51	47	34	66	57	42
Gene_3559	0	0	0	1	0	0	0	0
Gene_3560	179	122	143	209	177	124	157	231
Gene_3561	0	0	1	0	0	0	0	0
Gene_3562	109	79	94	72	63	115	82	78
Gene_3563	15	14	17	21	14	21	21	21
Gene_3564	6	8	12	6	8	13	19	12
Gene_3565	3	8	2	4	10	5	3	3
Gene_3566	5	12	8	7	4	7	8	6
Gene_3567	166	147	115	181	225	204	154	193
Gene_3568	4769	5358	6202	7743	5293	4214	5098	4045
Gene_3569	1557	2332	2294	2490	1122	1982	1614	2031
Gene_3570	2544	3562	3451	4109	1395	919	1591	1278
Gene_3571	70	83	95	43	108	69	86	98
Gene_3572	720	572	360	483	708	692	592	380
Gene_3573	0	1	2	1	0	0	0	0
Gene_3574	85	100	56	106	96	72	59	90
Gene_3575	61	51	112	96	163	119	160	155
Gene_3576	80	130	83	62	58	67	77	77
Gene_3577	141	211	185	258	139	262	209	181
Gene_3578	21	25	17	30	24	25	30	20
Gene_3579	0	1	1	1	1	0	2	0
Gene_3580	0	0	0	0	0	0	0	0
Gene_3581	27	24	51	39	48	48	31	42
Gene_3582	1911919	1698389	2224975	1733186	1414287	1244141	1337457	1689318
Gene_3583	0	0	1	0	0	0	1	0
Gene_3584	37	49	44	53	127	116	159	195
Gene_3585	0	1	0	0	1	0	0	0
Gene_3586	100	63	62	89	70	80	39	65
Gene_3587	17243	20273	10398	21021	19985	16056	16684	11807
Gene_3588	49	81	87	99	74	71	64	55
Gene_3589	0	2	1	1	0	1	0	1
Gene_3590	5	4	2	6	2	2	4	3
Gene_3591	1	1	0	2	2	2	1	4
Gene_3592	451	356	341	367	239	464	290	243
Gene_3593	12	27	16	13	14	17	16	14
Gene_3594	1	2	8	1	2	2	3	2
Gene_3595	6	11	10	5	7	11	8	7
Gene_3596	1488	743	1812	1258	1069	1168	1392	1229
Gene_3597	0	2	0	1	1	1	2	1
Gene_3598	132	77	111	100	114	133	75	96
Gene_3599	4	6	1	2	2	9	7	2
Gene_3600	6	8	12	6	5	17	11	15
Gene_3601	2482	3258	1795	2520	2360	3079	3243	2663
Gene_3602	1	3	1	0	2	3	1	3
Gene_3603	18	22	14	18	15	20	13	30
Gene_3604	3	1	2	2	0	2	0	1
Gene_3605	164	157	173	248	165	246	120	119
Gene_3606	1	2	1	1	0	0	0	0
Gene_3607	542	416	451	393	375	311	426	270
Gene_3608	2	2	0	0	0	2	3	0
Gene_3609	517	636	485	947	2319	2140	3920	1758
Gene_3610	26143	24789	35587	19237	28643	23138	34391	34135
Gene_3611	54	41	33	40	10	11	12	12
Gene_3612	1698	2406	1812	2415	2277	2277	3658	2289
Gene_3613	10	10	4	7	5	5	7	9
Gene_3614	0	0	0	0	0	0	0	0
Gene_3615	176	123	98	102	117	129	154	78
Gene_3616	2870	3412	3492	1687	2229	1961	2061	3184
Gene_3617	611	1003	937	1109	719	1144	1115	1711
Gene_3618	217	209	161	164	1194	1007	447	558
Gene_3619	2	2	0	4	3	2	7	3
Gene_3620	6	6	2	1	0	0	1	0
Gene_3621	22	16	27	22	18	21	17	27
Gene_3622	21	24	20	25	41	40	27	36
Gene_3623	33	32	39	43	36	32	46	24
Gene_3624	3539	3663	3291	3744	3133	4454	4219	4380
Gene_3625	158	180	155	177	97	150	141	99
Gene_3626	18	13	10	11	11	12	16	16
Gene_3627	32875	34488	26732	23664	32616	20523	36146	33461
Gene_3628	95	122	76	93	101	74	100	113
Gene_3629	12	8	7	5	4	9	7	8
Gene_3630	2110	2348	1146	1080	772	505	335	361
Gene_3631	281	117	173	153	206	148	151	201
Gene_3632	10	9	11	4	6	9	18	11
Gene_3633	1028	658	1002	1106	4402	5038	3280	4053
Gene_3634	391	611	622	474	2538	4077	3179	2173
Gene_3635	134382	161967	174831	195316	203686	134659	200168	195150
Gene_3636	42	42	35	36	64	54	44	43
Gene_3637	1	5	2	2	4	1	1	2
Gene_3638	0	0	0	0	0	1	0	1
Gene_3639	9	3	5	9	4	5	6	7
Gene_3640	1307	1379	1149	1288	933	1346	1046	1241
Gene_3641	74	43	54	69	80	87	46	54
Gene_3642	79	113	81	71	278	308	320	237
Gene_3643	39	39	15	44	18	14	12	7
Gene_3644	1	0	0	1	2	0	3	0
Gene_3645	108	110	159	108	66	122	108	88
Gene_3646	3	9	8	10	26	27	27	31
Gene_3647	3	2	2	1	3	1	0	2
Gene_3648	44	35	47	65	77	43	34	60
Gene_3649	65	53	40	29	30	55	52	50
Gene_3650	1351	1156	1442	1561	1494	889	1349	1416
Gene_3651	88	161	94	98	103	108	117	110
Gene_3652	335	330	247	203	320	279	271	235
Gene_3653	1842	1640	1178	1271	1283	1606	1451	1786
Gene_3654	4	1	4	3	3	2	3	6
Gene_3655	75699	58308	75286	79458	82465	56944	45796	59091
Gene_3656	13	10	7	12	12	10	9	6
Gene_3657	236	297	253	178	376	329	268	291
Gene_3658	1	4	5	4	2	1	5	3
Gene_3659	21	7	14	14	9	16	15	3
Gene_3660	38820	35499	35623	40703	46641	57422	40626	56454
Gene_3661	700	523	1022	477	2557	2398	2230	2294
Gene_3662	63383	89205	73288	113748	409601	396593	352316	422989
Gene_3663	0	0	0	0	0	0	0	0
Gene_3664	4337	4450	4325	3095	2832	3100	2691	4006
Gene_3665	4513	4744	6865	6492	4506	4143	5192	4213
Gene_3666	14	5	14	3	11	12	16	8
Gene_3667	12	14	12	22	16	21	12	12
Gene_3668	67	71	46	59	40	88	58	69
Gene_3669	18716	16015	17096	20119	15605	16894	20016	12655
Gene_3670	40	43	27	43	26	38	41	49
Gene_3671	17	20	15	22	17	22	10	16
Gene_3672	396	367	340	338	441	356	420	470
Gene_3673	34	17	29	39	25	21	23	29
Gene_3674	0	3	0	0	2	1	1	1
Gene_3675	4175	6808	7698	3669	5530	6596	6011	4983
Gene_3676	22	27	14	39	36	23	20	9
Gene_3677	1056	1609	1322	1259	1190	1404	1290	954
Gene_3678	0	1	2	0	1	2	0	3
Gene_3679	240	188	271	284	87	142	105	81
Gene_3680	96	65	80	117	83	62	72	89
Gene_3681	595	426	652	622	992	547	596	637
Gene_3682	169	134	164	144	134	121	129	147
Gene_3683	460	295	314	366	441	332	303	284
Gene_3684	17	20	23	17	20	17	4	26
Gene_3685	58	68	42	54	47	87	70	68
Gene_3686	13	22	14	22	27	18	17	19
Gene_3687	443	845	744	604	606	1095	785	731
Gene_3688	305	455	425	355	398	288	284	455
Gene_3689	280	456	276	305	290	359	455	369
Gene_3690	507	784	399	346	424	684	707	582
Gene_3691	53	55	35	62	41	41	38	43
Gene_3692	42	57	67	42	248	236	298	315
Gene_3693	3031	3380	2490	3618	3501	2621	3941	3279
Gene_3694	31	60	48	52	57	75	66	85
Gene_3695	6314	5696	8363	8487	7104	6449	6924	7398
Gene_3696	1393	1769	1178	1358	1023	1239	1143	1183
Gene_3697	51	97	97	89	72	74	59	79
Gene_3698	23	24	15	31	28	29	24	28
Gene_3699	1	0	1	0	0	0	1	0
Gene_3700	38	39	32	60	32	35	15	29
Gene_3701	1	2	1	1	0	1	0	0
Gene_3702	658	1276	700	769	910	1100	958	747
Gene_3703	525	780	999	663	920	578	438	667
Gene_3704	737	1447	914	1053	1350	951	831	1516
Gene_3705	129	176	160	149	140	100	120	185
Gene_3706	1	2	1	1	3	2	5	5
Gene_3707	29	19	15	10	67	45	87	49
Gene_3708	20482	16670	15847	18706	15946	22466	15486	19524
Gene_3709	59	42	66	44	31	57	46	61
Gene_3710	14710	12234	14763	13527	12437	17675	12825	6319
Gene_3711	16	23	19	16	20	16	13	16
Gene_3712	52	44	81	39	35	61	39	46
Gene_3713	1	1	3	4	14	4	11	13
Gene_3714	27	22	13	23	16	20	32	15
Gene_3715	305	340	352	320	253	361	304	499
Gene_3716	4820	3892	5732	4944	6364	3965	3976	4670
Gene_3717	55	43	40	50	159	146	217	136
Gene_3718	13	24	13	21	19	12	41	36
Gene_3719	1	4	2	6	5	6	3	1
Gene_3720	70	64	43	62	51	48	51	45
Gene_3721	38	36	34	16	37	12	23	25
Gene_3722	7	6	7	2	9	3	4	0
Gene_3723	10052	5168	6783	7321	8181	7518	9523	11186
Gene_3724	1329	1133	1134	1801	980	1882	1591	1479
Gene_3725	0	0	1	0	1	1	3	0
Gene_3726	1081	1409	1738	1552	1236	1735	1699	1703
Gene_3727	8	5	6	9	10	3	4	10
Gene_3728	8	8	8	6	6	6	3	6
Gene_3729	60	53	90	46	29	44	69	39
Gene_3730	7961	7910	5029	6843	7377	11053	9132	7159
Gene_3731	14	11	10	17	91	83	81	73
Gene_3732	156	93	170	147	104	107	117	203
Gene_3733	28	41	16	22	47	28	19	13
Gene_3734	5	5	1	2	4	13	4	8
Gene_3735	12	14	9	15	12	7	6	18
Gene_3736	3407	5098	3720	4382	5059	2982	3116	4966
Gene_3737	1233	738	694	736	809	802	1537	556
Gene_3738	6371	10447	8531	9200	27627	25873	33303	37234
Gene_3739	181	239	164	181	203	159	185	192
Gene_3740	13749	10476	7530	12890	3849	2898	2661	4752
Gene_3741	567493	517749	506412	557136	478353	339861	676490	477006
Gene_3742	40	43	28	22	32	32	37	32
Gene_3743	814	639	469	621	770	600	557	667
Gene_3744	65	79	64	100	135	78	56	52
Gene_3745	204	87	234	148	312	305	186	203
Gene_3746	417	400	387	554	450	334	440	478
Gene_3747	190	177	280	317	296	159	211	309
Gene_3748	4	5	0	3	1	2	0	2
Gene_3749	27	32	35	55	31	36	57	25
Gene_3750	458	515	402	489	454	508	367	318
Gene_3751	127	119	139	105	312	407	736	592
Gene_3752	1123	866	1105	919	902	1395	1179	675
Gene_3753	1	0	0	1	1	2	0	1
Gene_3754	14	12	8	12	5	10	10	6
Gene_3755	75	40	52	65	58	34	44	66
Gene_3756	19	15	43	36	5	5	9	9
Gene_3757	2	2	1	2	0	0	0	1
Gene_3758	500572	529633	298892	391929	341644	367931	554651	590092
Gene_3759	67	57	50	102	58	78	76	74
Gene_3760	429	729	619	647	241	148	249	225
Gene_3761	1850	2182	1721	2348	1522	1784	2209	1725
Gene_3762	7	11	13	15	16	12	9	20
Gene_3763	108	161	142	107	38	43	23	56
Gene_3764	166	265	195	129	180	206	275	185
Gene_3765	771	1536	1080	1202	1093	1194	1487	1514
Gene_3766	203	218	139	221	176	253	298	320
Gene_3767	87	69	57	76	47	43	51	46
Gene_3768	18	13	8	13	14	16	9	8
Gene_3769	234	196	214	299	290	161	212	272
Gene_3770	54	81	43	27	49	53	42	74
Gene_3771	57	74	48	53	300	187	221	331
Gene_3772	1	4	5	6	4	3	3	3
Gene_3773	73	88	68	56	77	79	98	60
Gene_3774	16	33	14	12	21	29	20	18
Gene_3775	24	27	25	18	25	20	26	26
Gene_3776	20	20	37	9	33	22	13	22
Gene_3777	52049	64790	64087	54749	61817	63383	52679	36926
Gene_3778	1282	627	1455	872	3552	5797	2943	4526
Gene_3779	24	27	27	23	20	23	25	24
Gene_3780	25	18	17	22	10	6	7	5
Gene_3781	0	0	1	1	1	1	2	1
Gene_3782	6	9	7	3	2	4	3	6
Gene_3783	195	158	175	126	165	114	143	232
Gene_3784	28	50	34	69	137	149	143	132
Gene_3785	264	308	180	199	103	107	107	144
Gene_3786	689	614	845	831	249	261	319	321
Gene_3787	0	0	0	0	1	0	0	0
Gene_3788	32	17	15	24	17	6	19	30
Gene_3789	76	118	115	148	95	151	130	130
Gene_3790	846	786	655	761	3087	3381	2916	4317
Gene_3791	10	5	5	6	6	8	5	10
Gene_3792	50	44	74	46	70	46	50	56
Gene_3793	1571	1277	1873	1725	1691	1580	1277	975
Gene_3794	14	16	12	8	9	5	14	19
Gene_3795	27	26	35	26	26	39	20	23
Gene_3796	89	79	114	81	115	118	56	118
Gene_3797	38	46	53	47	30	55	57	60
Gene_3798	2642	1395	1955	1570	1917	2857	3218	2406
Gene_3799	294	463	312	402	357	308	549	320
Gene_3800	3	1	3	1	0	1	2	0
Gene_3801	149	236	148	98	183	128	103	130
Gene_3802	22	14	22	10	11	9	12	15
Gene_3803	33	52	41	36	58	42	27	67
Gene_3804	3	1	2	2	1	1	2	2
Gene_3805	1592	2048	1693	1551	1806	1968	2141	2043
Gene_3806	11	21	18	19	12	22	15	7
Gene_3807	131	160	164	232	123	234	212	239
Gene_3808	4550	3543	5229	4777	4276	3900	4040	4851
Gene_3809	4	3	1	7	4	2	3	2
Gene_3810	28	37	25	15	38	19	20	45
Gene_3811	88	111	86	92	63	99	55	116
Gene_3812	7463	7289	7327	8299	9012	13517	9639	10680
Gene_3813	28	38	25	38	30	18	21	14
Gene_3814	186	247	89	162	144	180	220	174
Gene_3815	36	48	26	31	25	27	22	26
Gene_3816	1	0	0	0	1	4	5	3
Gene_3817	3496	2813	3104	4306	4200	4384	4118	2844
Gene_3818	1309	863	1281	1057	997	1177	1646	1536
Gene_3819	86	55	75	97	63	73	84	64
Gene_3820	82357	111796	90995	129414	98208	120671	105858	108634
Gene_3821	34	29	28	35	53	28	41	44
Gene_3822	49	40	36	26	24	30	36	33
Gene_3823	10	14	14	8	7	5	16	14
Gene_3824	76	95	87	77	86	82	61	88
Gene_3825	1600	1205	983	950	1245	1159	1211	1341
Gene_3826	6	7	5	9	10	6	12	14
Gene_3827	227	211	203	146	134	157	200	173
Gene_3828	1178	810	1606	816	1147	1437	936	1318
Gene_3829	28	21	26	24	24	37	18	34
Gene_3830	1	0	3	0	1	2	0	3
Gene_3831	26	38	66	37	44	38	67	47
Gene_3832	173	176	164	283	188	195	132	197
Gene_3833	110	122	76	124	103	70	83	82
Gene_3834	3	3	1	4	1	2	3	0
Gene_3835	925	987	1026	814	978	969	942	961
Gene_3836	1115	1155	1147	813	909	1024	1007	1072
Gene_3837	6	4	9	10	31	32	26	24
Gene_3838	9	6	11	9	4	3	7	7
Gene_3839	9	22	14	15	10	10	24	17
Gene_3840	2	0	2	0	1	2	0	3
Gene_3841	55	54	58	65	13	25	15	15
Gene_3842	151	222	84	153	179	220	134	147
Gene_3843	4	12	6	10	7	4	6	8
Gene_3844	13	9	10	14	4	12	1	3
Gene_3845	17	20	25	16	20	16	9	16
Gene_3846	19	15	12	15	20	21	28	16
Gene_3847	4	4	0	2	2	9	1	2
Gene_3848	635	776	775	885	476	592	590	529
Gene_3849	31	23	19	26	20	30	20	29
Gene_3850	396	261	211	243	147	73	93	112
Gene_3851	34	46	51	68	69	53	48	49
Gene_3852	22	30	23	25	37	26	32	29
Gene_3853	152	150	245	152	250	317	153	196
Gene_3854	1	2	1	0	2	3	0	0
Gene_3855	13	12	20	23	26	13	12	9
Gene_3856	37	52	59	71	44	70	68	55
Gene_3857	230	317	321	503	390	207	275	358
Gene_3858	3	2	0	0	0	0	0	1
Gene_3859	344	214	307	355	127	89	68	127
Gene_3860	38	43	59	39	41	38	47	56
Gene_3861	91	115	99	125	128	118	78	144
Gene_3862	12	20	28	21	20	14	20	15
Gene_3863	1	0	0	0	0	2	0	1
Gene_3864	4	2	3	4	3	5	5	5
Gene_3865	206	147	87	110	72	151	142	111
Gene_3866	3	8	5	1	1	5	4	1
Gene_3867	75	76	52	42	33	25	15	35
Gene_3868	458	462	477	349	467	403	464	515
Gene_3869	23	33	30	37	45	37	20	28
Gene_3870	271	319	339	398	376	420	400	420
Gene_3871	6734	6936	8551	6921	5449	5824	5333	7082
Gene_3872	3	2	0	0	0	0	2	0
Gene_3873	6	13	9	7	5	8	4	12
Gene_3874	30	50	54	47	80	44	40	45
Gene_3875	12	17	14	12	25	23	13	17
Gene_3876	192	152	148	140	149	125	134	185
Gene_3877	3	4	5	4	2	4	3	2
Gene_3878	11	9	13	22	58	54	60	39
Gene_3879	984	994	1397	1372	720	642	573	600
Gene_3880	0	2	0	0	5	5	2	5
Gene_3881	782	889	1152	1206	904	1133	1040	1083
Gene_3882	50	25	46	33	31	58	39	45
Gene_3883	6	13	20	9	15	5	14	14
Gene_3884	273	442	266	207	360	261	303	261
Gene_3885	31	36	28	44	153	140	142	130
Gene_3886	81	95	82	88	131	134	100	152
Gene_3887	14341	11472	10797	9682	9926	13859	7891	7120
Gene_3888	11	6	8	13	6	1	7	4
Gene_3889	0	0	0	2	0	0	2	0
Gene_3890	3811	3342	5694	4075	3830	4438	6992	3868
Gene_3891	5	1	4	2	4	1	2	4
Gene_3892	252	216	208	149	240	141	194	196
Gene_3893	5	6	4	3	5	13	5	15
Gene_3894	212	250	158	201	210	206	148	151
Gene_3895	359	205	229	129	141	124	183	203
Gene_3896	25	13	31	29	28	18	40	35
Gene_3897	18	11	30	15	12	26	15	18
Gene_3898	0	1	1	3	2	6	4	3
Gene_3899	137	175	202	185	189	307	162	254
Gene_3900	206696	265484	270419	268559	132677	253909	219718	147915
Gene_3901	728	1044	647	768	333	177	259	147
Gene_3902	19	9	6	14	89	69	71	75
Gene_3903	113	148	146	179	570	630	641	704
Gene_3904	1	1	1	2	2	3	2	1
Gene_3905	0	2	0	1	0	0	0	1
Gene_3906	39110	56222	41281	30570	38389	55018	46704	36091
Gene_3907	14	7	8	12	9	12	1	11
Gene_3908	1907	1643	2135	1741	1749	766	1980	1697
Gene_3909	0	0	0	0	0	0	0	0
Gene_3910	1	0	0	0	0	0	1	0
Gene_3911	368	266	602	578	184	221	151	88
Gene_3912	15	22	25	11	1	2	7	8
Gene_3913	50	65	42	66	54	61	73	53
Gene_3914	204	359	447	239	1044	1365	954	1784
Gene_3915	167	129	134	118	135	85	121	123
Gene_3916	5	3	3	2	1	1	1	1
Gene_3917	10	5	6	3	6	7	3	5
Gene_3918	3	4	1	2	7	3	3	2
Gene_3919	0	0	0	1	0	0	0	0
Gene_3920	0	0	1	2	0	0	1	1
Gene_3921	6	3	7	5	6	1	5	11
Gene_3922	0	1	1	0	0	0	0	0
Gene_3923	1	4	7	2	3	5	7	1
Gene_3924	198	237	297	208	320	236	241	254
Gene_3925	2685	3213	2405	2596	1874	2514	2716	3218
Gene_3926	98	106	186	101	98	101	116	125
Gene_3927	66	39	41	32	53	64	35	61
Gene_3928	370	301	269	396	345	316	309	357
Gene_3929	169	221	153	134	99	178	175	142
Gene_3930	2385	1821	1365	1827	569	729	423	786
Gene_3931	36	53	21	64	31	46	26	37
Gene_3932	146	258	137	130	145	183	215	213
Gene_3933	391	419	607	361	373	277	348	367
Gene_3934	1251	1696	1272	1623	4221	5242	5426	4719
Gene_3935	25	32	53	51	34	48	42	25
Gene_3936	1	3	2	1	0	1	2	1
Gene_3937	14	17	17	19	19	17	24	26
Gene_3938	4813	3418	4924	4660	4074	6481	6130	4776
Gene_3939	17344	13572	17985	9390	9678	9890	10994	11600
Gene_3940	59	71	64	58	76	83	92	77
Gene_3941	212076	177675	196830	207513	210741	207626	197523	204339
Gene_3942	6	13	6	8	8	10	3	5
Gene_3943	48216	27379	45644	28905	30781	28210	36075	28542
Gene_3944	1577	1797	2902	2736	2148	1954	2765	2094
Gene_3945	3759	2889	3226	1547	2063	3462	1306	2969
Gene_3946	3	6	4	6	25	14	17	27
Gene_3947	549	620	1153	1071	1111	827	922	953
Gene_3948	5723	5417	3687	5721	6434	6401	4578	5214
Gene_3949	35	24	19	21	20	13	12	27
Gene_3950	13	16	22	21	15	18	23	18
Gene_3951	0	1	0	1	1	2	2	0
Gene_3952	1	0	1	0	1	6	7	5
Gene_3953	800	1058	780	781	1138	708	693	586
Gene_3954	2537	2353	2156	1943	2453	2143	2351	1893
Gene_3955	141	227	149	208	168	229	116	181
Gene_3956	1430	1570	808	1536	1235	1668	1806	2029
Gene_3957	16	14	9	20	0	8	6	3
Gene_3958	894	925	938	752	757	916	1286	935
Gene_3959	79	105	78	103	320	279	417	227
Gene_3960	62	58	23	37	47	51	39	63
Gene_3961	3091	3134	4470	2695	4421	3907	3622	2436
Gene_3962	1699	1679	2047	3303	2052	2512	2092	2330
Gene_3963	1452	995	662	955	852	1072	1037	1013
Gene_3964	4	18	12	5	19	14	24	11
Gene_3965	792	469	695	656	522	662	597	625
Gene_3966	16	12	20	17	25	14	36	28
Gene_3967	2	3	0	3	3	4	2	2
Gene_3968	11636	10898	9412	9809	14555	14301	13966	13209
Gene_3969	9	7	9	10	8	9	7	12
Gene_3970	199	105	193	207	104	197	227	160
Gene_3971	15	22	12	19	53	75	70	53
Gene_3972	257	373	522	209	397	249	292	277
Gene_3973	38	56	55	52	31	31	48	45
Gene_3974	0	0	0	0	0	0	1	0
Gene_3975	480	755	440	441	588	308	289	375
Gene_3976	5	4	2	2	4	3	1	2
Gene_3977	15	14	8	11	11	8	14	14
Gene_3978	20	34	32	25	20	27	44	36
Gene_3979	1168	1144	989	1472	630	1487	1111	1023
Gene_3980	18649	16633	18820	10590	19460	8205	14021	10395
Gene_3981	788	738	478	628	545	509	617	580
Gene_3982	10	6	10	12	15	10	10	7
Gene_3983	2079	2559	2152	2233	2530	2503	2831	2660
Gene_3984	14	8	13	7	14	8	7	9
Gene_3985	152	141	112	111	161	139	144	152
Gene_3986	1	0	1	0	0	0	0	0
Gene_3987	89	56	50	60	57	72	69	45
Gene_3988	18	22	25	17	28	17	16	20
Gene_3989	1226	1053	1586	1573	874	1270	1133	1162
Gene_3990	0	1	0	0	1	0	2	1
Gene_3991	0	0	0	0	0	0	0	0
Gene_3992	393	417	382	355	426	282	355	390
Gene_3993	338	369	454	216	139	88	95	127
Gene_3994	0	0	0	0	0	0	0	0
Gene_3995	1	1	1	0	0	1	0	1
Gene_3996	3	3	1	3	3	3	0	1
Gene_3997	5	3	6	3	0	1	1	0
Gene_3998	2	3	0	0	2	0	2	2
Gene_3999	153	117	59	61	59	68	129	71
Gene_4000	15328	9385	12376	9877	11438	13894	8684	16494
Gene_4001	0	3	0	0	0	1	1	1
Gene_4002	5	4	2	1	18	15	11	8
Gene_4003	3	1	1	0	3	2	1	3
Gene_4004	51	25	44	71	49	56	46	90
Gene_4005	715	807	462	595	453	596	472	631
Gene_4006	169125	137823	61603	94202	124806	77676	105643	99845
Gene_4007	177	185	137	202	186	259	167	159
Gene_4008	5	7	5	10	6	6	10	6
Gene_4009	34	35	42	64	19	17	28	19
Gene_4010	7251	6471	7241	5882	2852	2778	2769	3068
Gene_4011	32	18	7	24	25	31	18	9
Gene_4012	4	5	10	2	5	7	5	0
Gene_4013	2661	2720	2554	3222	2200	2917	3621	2876
Gene_4014	583	703	654	888	542	875	700	589
Gene_4015	0	0	0	0	0	0	0	1
Gene_4016	10236	7645	6749	5612	11888	11630	11207	14868
Gene_4017	73	57	62	100	95	102	97	57
Gene_4018	3	4	2	0	1	3	1	1
Gene_4019	52	72	49	69	53	48	51	47
Gene_4020	77	53	50	60	88	53	72	58
Gene_4021	9	1	3	3	6	5	3	7
Gene_4022	246	579	408	312	415	374	370	204
Gene_4023	2614	4607	5161	2348	4055	5633	3063	3912
Gene_4024	183	197	258	178	158	97	106	74
Gene_4025	4	2	2	3	3	4	4	3
Gene_4026	12	10	15	15	13	14	10	11
Gene_4027	0	1	0	0	0	0	0	0
Gene_4028	218	259	345	294	253	175	286	293
Gene_4029	2	5	2	2	1	3	2	4
Gene_4030	509	421	581	533	392	446	511	560
Gene_4031	0	0	0	0	0	0	1	0
Gene_4032	38748	81727	45006	56041	73929	42342	38805	51354
Gene_4033	10	10	7	7	31	28	31	12
Gene_4034	93	146	187	110	191	102	96	174
Gene_4035	5417	6289	4225	3632	6602	3324	3047	6511
Gene_4036	160	227	212	231	781	628	1122	509
Gene_4037	442	450	411	655	518	536	336	520
Gene_4038	0	0	2	0	0	0	0	1
Gene_4039	170	166	209	98	111	153	209	168
Gene_4040	50	54	42	27	32	53	46	43
Gene_4041	0	1	2	0	0	0	1	1
Gene_4042	1376	1233	1541	1013	1904	1956	1494	1201
Gene_4043	15	33	30	42	38	24	30	23
Gene_4044	42	26	26	47	49	33	24	12
Gene_4045	61	100	54	67	306	351	356	309
Gene_4046	5	6	9	9	37	45	58	40
Gene_4047	72	117	75	114	53	62	107	105
Gene_4048	334	293	263	359	295	355	324	179
Gene_4049	3	4	6	8	3	11	4	5
Gene_4050	2137	1501	1676	2014	1880	1684	1866	2577
Gene_4051	473	446	364	506	346	389	408	410
Gene_4052	250	406	265	467	134	119	116	83
Gene_4053	153	147	189	182	246	229	194	240
Gene_4054	91	112	124	107	50	48	27	83
Gene_4055	1036	1042	984	960	994	819	1052	1333
Gene_4056	4	7	17	11	18	16	9	3
Gene_4057	1	5	3	1	2	0	4	0
Gene_4058	18	23	17	10	23	5	20	14
Gene_4059	22	20	9	18	16	14	13	22
Gene_4060	11	19	22	21	6	3	3	7
Gene_4061	1149	942	1398	1557	4884	4356	5268	4572
Gene_4062	678	536	733	657	539	637	765	622
Gene_4063	150	180	179	176	220	195	124	109
Gene_4064	57	17	35	64	34	52	40	35
Gene_4065	600	507	568	645	552	683	447	494
Gene_4066	3	2	3	2	1	0	1	0
Gene_4067	6908	9097	5378	7878	6684	5890	6056	4235
Gene_4068	14	32	13	22	18	21	23	23
Gene_4069	15720	15633	23752	22050	12536	16916	13748	20390
Gene_4070	24	19	28	26	24	44	20	26
Gene_4071	2734	3972	3413	4251	16523	19323	13711	12128
Gene_4072	8	6	8	4	11	12	5	10
Gene_4073	3405	2232	2560	2324	4146	3419	2613	3840
Gene_4074	289	239	251	153	217	244	242	309
Gene_4075	5	8	5	7	4	9	5	7
Gene_4076	16	19	29	10	23	12	30	37
Gene_4077	49	27	34	35	46	46	47	45
Gene_4078	48	36	35	29	60	50	97	34
Gene_4079	19	6	19	18	19	19	14	20
Gene_4080	96008	119636	132333	134370	98396	113965	85884	104220
Gene_4081	5	3	8	5	3	8	0	5
Gene_4082	8	15	10	9	8	7	5	10
Gene_4083	391	271	270	255	254	363	345	301
Gene_4084	1465	2562	1614	2078	2025	1439	1475	1571
Gene_4085	52	65	69	68	15	14	21	19
Gene_4086	28	20	32	31	11	12	5	10
Gene_4087	269	246	291	341	310	362	323	233
Gene_4088	3064	2941	2080	3073	3336	2765	2658	2047
Gene_4089	34	41	42	26	8	12	13	17
Gene_4090	53	67	41	52	58	52	48	73
Gene_4091	61	67	75	51	48	73	47	47
Gene_4092	210	177	179	173	166	160	191	151
Gene_4093	1	2	2	2	2	4	2	2
Gene_4094	6	11	0	3	11	9	7	5
Gene_4095	151	206	162	175	181	209	134	219
Gene_4096	0	3	0	0	0	0	0	0
Gene_4097	527	517	502	407	563	526	458	442
Gene_4098	6	3	4	5	1	5	7	5
Gene_4099	560	544	626	587	591	546	711	588
Gene_4100	3633	4038	2069	2187	2800	3042	2995	2841
Gene_4101	523	542	570	696	259	191	195	167
Gene_4102	44832	49273	56468	75510	34402	42477	32933	43021
Gene_4103	9	12	7	8	10	6	6	6
Gene_4104	322	262	541	433	1523	1339	1690	1428
Gene_4105	36	18	17	23	19	20	32	22
Gene_4106	803	483	460	645	449	591	654	608
Gene_4107	8	5	20	6	18	7	15	12
Gene_4108	16	22	15	16	18	6	6	12
Gene_4109	284	272	253	201	184	239	265	172
Gene_4110	26	47	58	31	53	29	24	42
Gene_4111	7	9	12	14	11	12	10	4
Gene_4112	24302	20865	26899	21769	17925	21758	29158	23211
Gene_4113	8	7	5	7	3	6	10	2
Gene_4114	0	0	0	0	0	0	0	0
Gene_4115	37	30	37	36	54	41	40	49
Gene_4116	5	7	3	5	8	3	6	4
Gene_4117	19	18	25	6	8	11	12	10
Gene_4118	1	2	2	0	0	1	0	0
Gene_4119	1569	1309	2284	1693	1754	1529	1485	1040
Gene_4120	7	4	3	6	10	10	8	8
Gene_4121	1868	2281	1670	1487	2161	2934	2022	1458
Gene_4122	973	1080	795	738	698	873	747	686
Gene_4123	30918	32609	48012	27887	43224	38162	34407	32789
Gene_4124	187	167	136	318	110	291	120	279
Gene_4125	15667	13645	13812	17981	14082	20506	13494	9491
Gene_4126	171	240	206	180	185	124	163	134
Gene_4127	10	10	17	9	21	6	6	8
Gene_4128	0	0	1	1	1	0	0	0
Gene_4129	4966	3867	4033	5621	1846	1327	2269	2560
Gene_4130	18	55	54	45	11	21	10	25
Gene_4131	7	5	14	10	8	8	6	5
Gene_4132	0	4	3	6	3	3	3	3
Gene_4133	0	0	0	0	0	0	0	0
Gene_4134	7	8	1	5	0	0	4	1
Gene_4135	2	1	1	1	2	1	1	0
Gene_4136	19	9	14	7	6	10	19	11
Gene_4137	1	3	3	4	1	1	0	3
Gene_4138	506	384	347	342	665	447	445	648
Gene_4139	115	116	113	87	185	94	114	113
Gene_4140	25	13	29	29	32	25	18	18
Gene_4141	478	402	449	461	534	347	685	207
Gene_4142	929	896	1073	877	673	1090	864	959
Gene_4143	14	36	27	18	24	29	15	27
Gene_4144	0	0	1	0	0	0	1	0
Gene_4145	0	0	0	0	0	0	0	1
Gene_4146	9	7	7	4	4	8	4	4
Gene_4147	13491	16850	15156	13081	11645	9158	10641	7562
Gene_4148	315	239	249	302	281	202	337	206
Gene_4149	3	8	9	6	0	1	0	4
Gene_4150	22	12	12	15	22	8	13	13
Gene_4151	1	0	0	2	0	0	0	0
Gene_4152	55	82	93	75	320	201	320	226
Gene_4153	185	156	159	156	52	49	59	38
Gene_4154	3725	2837	2935	2303	3191	2465	2037	2077
Gene_4155	212	247	314	306	353	371	414	327
Gene_4156	38	35	42	43	29	42	35	36
Gene_4157	2346	3016	2807	2884	1375	3310	3079	4012
Gene_4158	144	122	100	105	141	90	59	132
Gene_4159	16	16	13	1	17	8	9	8
Gene_4160	29	21	29	18	32	21	22	26
Gene_4161	36	36	28	32	16	26	32	31
Gene_4162	2	2	2	4	1	2	0	0
Gene_4163	101	127	202	228	792	736	433	644
Gene_4164	13	12	5	7	11	9	11	17
Gene_4165	462	489	325	564	436	615	411	386
Gene_4166	8	9	11	7	9	12	8	11
Gene_4167	78	120	94	94	75	85	79	114
Gene_4168	76	84	73	80	58	84	84	44
Gene_4169	87	53	51	58	247	267	221	168
Gene_4170	1	1	0	2	0	3	1	1
Gene_4171	101	109	165	169	99	72	115	146
Gene_4172	49	91	56	88	55	65	47	51
Gene_4173	74	53	67	85	71	61	74	82
Gene_4174	62	80	59	57	72	57	38	64
Gene_4175	113	95	74	71	68	57	52	82
Gene_4176	0	1	0	3	2	4	0	0
Gene_4177	56	57	67	57	40	47	54	54
Gene_4178	28	10	7	15	6	3	2	11
Gene_4179	3	3	7	2	9	12	7	19
Gene_4180	82	83	76	57	72	62	60	66
Gene_4181	17532	14278	6765	15351	12895	15378	11086	11002
Gene_4182	11	5	9	1	13	2	11	5
Gene_4183	1568	1029	1648	1853	2052	997	1775	1857
Gene_4184	211	223	174	172	193	270	203	137
Gene_4185	2	0	1	1	6	4	2	5
Gene_4186	13591	13021	15880	14120	23080	19012	26813	19769
Gene_4187	3057	3342	2340	4007	1364	1397	578	929
Gene_4188	18	15	22	16	18	8	15	19
Gene_4189	205559	141046	129677	141067	33786	29696	34267	31456
Gene_4190	807	651	1244	1296	4400	5011	4260	6139
Gene_4191	11	23	7	11	19	14	1	13
Gene_4192	950	800	778	794	2514	2522	3223	5190
Gene_4193	40	35	48	53	26	69	39	47
Gene_4194	298	237	177	186	309	344	328	327
Gene_4195	190	83	104	147	106	116	91	165
Gene_4196	0	3	1	0	0	0	0	1
Gene_4197	158	187	171	240	355	352	183	286
Gene_4198	1	0	1	1	1	0	0	2
Gene_4199	43	36	35	29	43	43	36	44
Gene_4200	26	62	26	27	39	33	56	49
Gene_4201	6	15	9	4	19	10	15	11
Gene_4202	8	2	2	4	3	4	15	13
Gene_4203	174	208	233	188	966	1116	982	643
Gene_4204	0	1	0	0	1	1	0	1
Gene_4205	297264	261291	348751	410756	379886	486145	462278	275192
Gene_4206	129	79	157	171	136	153	168	138
Gene_4207	0	0	0	1	1	1	0	0
Gene_4208	75	59	77	76	101	90	68	66
Gene_4209	89	52	56	34	67	46	93	28
Gene_4210	72813	87261	67388	95918	72170	83913	109235	116701
Gene_4211	5	3	12	0	12	17	17	13
Gene_4212	3	2	2	2	1	2	2	1
Gene_4213	25	12	33	22	25	30	32	24
Gene_4214	3	2	5	5	7	10	22	15
Gene_4215	116	168	233	164	118	156	172	84
Gene_4216	843	1188	885	1074	987	1338	675	922
Gene_4217	170	167	117	208	179	188	200	194
Gene_4218	472	629	525	414	472	472	558	665
Gene_4219	90	99	92	82	82	79	162	76
Gene_4220	296	318	386	381	322	357	520	438
Gene_4221	8079	5482	6713	4702	7599	4064	7548	5166
Gene_4222	9469	9669	14273	18489	9575	13301	9486	11262
Gene_4223	73	42	101	90	25	31	32	36
Gene_4224	4161	6066	4040	5328	14569	27262	26276	21628
Gene_4225	6971	4695	5574	3711	5659	5978	7140	4435
Gene_4226	192706	135133	144772	150129	600976	535990	655547	503513
Gene_4227	1192	961	1150	826	912	689	1785	1012
Gene_4228	146	261	139	154	148	269	133	234
Gene_4229	4320	4329	3304	3366	3586	6249	3777	3343
Gene_4230	2	2	3	4	4	2	3	1
Gene_4231	24	17	11	33	17	42	20	21
Gene_4232	50	50	53	52	48	56	38	104
Gene_4233	5	4	4	1	6	5	7	4
Gene_4234	5027	4087	2169	2284	1246	825	939	717
Gene_4235	872	931	1034	995	1343	1042	563	700
Gene_4236	12	15	4	20	4	0	2	3
Gene_4237	876	1334	1131	1454	1380	1754	1126	768
Gene_4238	159	248	143	152	244	158	131	167
Gene_4239	0	1	0	1	0	0	1	0
Gene_4240	321	340	230	367	405	294	245	448
Gene_4241	1581	1667	1354	1829	1933	1684	2030	2446
Gene_4242	43	49	23	39	33	35	34	30
Gene_4243	47	47	33	21	53	61	36	33
Gene_4244	3904	3609	4214	3756	5346	5929	4777	4017
Gene_4245	0	0	0	0	0	0	2	0
Gene_4246	24	26	21	28	19	22	26	16
Gene_4247	3284	2376	3717	4138	4957	4870	5258	5503
Gene_4248	55	42	23	25	121	186	124	141
Gene_4249	1	1	1	1	2	0	0	3
Gene_4250	47	36	40	42	66	32	33	48
Gene_4251	6	13	17	19	9	12	13	9
Gene_4252	119	192	230	147	263	107	124	143
Gene_4253	255	197	324	236	296	248	277	227
Gene_4254	27	87	41	59	54	34	48	43
Gene_4255	2	6	6	4	5	4	7	7
Gene_4256	9016	4412	5157	9441	4175	7339	7308	7995
Gene_4257	595	479	442	601	600	442	598	475
Gene_4258	342	277	346	224	335	412	465	145
Gene_4259	2061	3137	1949	1733	2761	2311	3034	2979
Gene_4260	72	74	61	40	90	103	77	71
Gene_4261	18	4	11	9	7	5	10	10
Gene_4262	49	63	63	71	53	49	62	64
Gene_4263	4	7	6	11	14	6	6	7
Gene_4264	12	7	4	5	4	7	5	5
Gene_4265	149	227	224	144	185	112	162	263
Gene_4266	1883	2906	1879	1192	1790	1971	1716	899
Gene_4267	136964	134425	129262	146898	144771	90458	133542	160952
Gene_4268	20677	23030	27902	24563	26097	13817	21930	33453
Gene_4269	0	0	0	1	0	0	0	1
Gene_4270	34	26	29	62	17	34	34	53
Gene_4271	2239	1766	2615	2254	1825	2242	2934	1623
Gene_4272	0	1	0	2	0	1	0	0
Gene_4273	9	4	9	5	10	6	7	6
Gene_4274	1	1	0	0	0	0	1	0
Gene_4275	8	27	36	13	17	33	19	30
Gene_4276	743	635	691	747	926	709	1260	930
Gene_4277	13	20	23	21	9	26	26	45
Gene_4278	195	207	118	188	120	234	220	148
Gene_4279	282	165	270	236	197	178	241	214
Gene_4280	142	117	81	126	109	126	157	107
Gene_4281	95	146	142	111	126	82	113	91
Gene_4282	73	102	111	122	80	170	76	65
Gene_4283	73	94	145	186	85	165	162	117
Gene_4284	69	102	80	155	79	74	76	70
Gene_4285	45	33	19	37	16	49	27	34
Gene_4286	760	477	539	841	857	609	716	996
Gene_4287	232	336	230	326	215	288	253	191
Gene_4288	49	65	50	68	22	22	12	24
Gene_4289	1162	1107	1700	1602	1553	1955	1580	1809
Gene_4290	933	905	891	925	1001	886	696	921
Gene_4291	32	34	39	28	27	32	26	25
Gene_4292	34	33	28	29	23	24	28	20
Gene_4293	35	40	36	55	40	36	40	44
Gene_4294	485	578	543	566	643	652	967	458
Gene_4295	82	67	61	77	29	23	34	21
Gene_4296	172	152	170	122	140	217	173	125
Gene_4297	20	37	17	12	41	21	19	26
Gene_4298	236	249	292	252	228	204	511	288
Gene_4299	2924	2130	2495	1482	2688	1459	3380	1959
Gene_4300	707	842	843	920	3799	4261	3999	3322
Gene_4301	41	55	51	52	45	73	62	81
Gene_4302	750	652	548	1035	869	922	768	901
Gene_4303	569	789	1011	976	1176	897	905	733
Gene_4304	0	0	0	1	0	0	0	0
Gene_4305	2	0	2	0	3	3	5	1
Gene_4306	926	633	790	997	833	914	658	1161
Gene_4307	394	408	435	525	406	478	372	530
Gene_4308	2	0	5	0	1	2	4	0
Gene_4309	499	715	371	573	916	741	531	246
Gene_4310	38	36	39	33	32	25	16	19
Gene_4311	158	155	187	253	219	229	188	199
Gene_4312	21	31	31	30	21	42	28	16
Gene_4313	33	62	36	34	43	22	55	34
Gene_4314	32	37	36	17	27	29	28	20
Gene_4315	656	685	808	500	665	744	778	723
Gene_4316	6	2	5	3	2	6	4	2
Gene_4317	422	376	410	334	388	412	479	425
Gene_4318	6148	7384	4397	5297	8560	4468	7159	3593
Gene_4319	954	1032	992	1224	603	717	710	984
Gene_4320	6	7	10	4	13	4	12	8
Gene_4321	504590	379492	385192	354328	1519339	1289719	954285	1549086
Gene_4322	6	16	12	26	9	11	10	6
Gene_4323	11	5	5	7	8	6	14	5
Gene_4324	1749	1957	1856	2774	2011	2236	1384	1813
Gene_4325	2	3	2	6	0	0	6	3
Gene_4326	0	1	0	2	0	1	1	0
Gene_4327	32	40	42	38	37	32	22	56
Gene_4328	35	61	62	43	44	49	53	45
Gene_4329	134	141	162	117	335	394	417	442
Gene_4330	1	1	0	1	0	0	0	0
Gene_4331	11	4	12	13	7	6	10	8
Gene_4332	62	42	44	64	46	41	51	43
Gene_4333	158	266	241	198	262	244	233	340
Gene_4334	5	3	4	5	0	2	2	0
Gene_4335	47	36	41	45	38	30	37	56
Gene_4336	14	13	18	7	14	15	5	7
Gene_4337	1009	592	701	945	756	830	1141	948
Gene_4338	107	127	106	108	154	99	124	95
Gene_4339	33	22	18	26	34	25	30	35
Gene_4340	20	34	11	16	22	20	26	10
Gene_4341	4	1	5	1	2	1	1	3
Gene_4342	15	14	12	24	10	27	12	16
Gene_4343	123	106	109	147	113	173	111	97
Gene_4344	9	10	4	6	1	3	3	2
Gene_4345	68	52	50	41	87	68	55	69
Gene_4346	17	12	11	8	11	12	23	24
Gene_4347	34	22	33	36	176	62	87	85
Gene_4348	294	298	223	189	311	312	192	202
Gene_4349	347	418	199	471	287	409	358	446
Gene_4350	20	11	13	12	7	9	3	2
Gene_4351	12	12	26	22	33	16	20	15
Gene_4352	328	437	288	379	489	289	380	532
Gene_4353	434	423	476	472	368	385	418	362
Gene_4354	56	59	46	49	19	21	9	12
Gene_4355	171	152	142	185	143	186	124	258
Gene_4356	3	11	12	9	0	2	2	3
Gene_4357	151	127	242	179	199	227	221	185
Gene_4358	19	32	35	16	50	44	38	45
Gene_4359	6269	6843	6197	10380	7933	6795	9868	10176
Gene_4360	305	376	159	261	205	253	212	254
Gene_4361	15906	12130	12432	16645	11137	13585	7442	8778
Gene_4362	1279	1276	1055	1165	925	623	1535	1484
Gene_4363	1215	1049	848	1048	1212	749	1147	1794
Gene_4364	578	709	649	776	1016	881	561	1020
Gene_4365	148	161	84	166	96	148	156	161
Gene_4366	273	239	374	207	285	196	222	232
Gene_4367	222	402	251	313	193	229	273	224
Gene_4368	7	18	26	13	12	15	11	12
Gene_4369	8	6	7	1	24	17	24	27
Gene_4370	84	117	92	76	72	66	78	52
Gene_4371	66	59	88	105	95	77	76	85
Gene_4372	1	0	3	1	3	0	2	2
Gene_4373	0	4	1	0	1	0	0	0
Gene_4374	16	21	30	18	23	26	23	29
Gene_4375	546	315	420	426	498	597	191	491
Gene_4376	65	100	100	86	81	149	63	96
Gene_4377	9	10	10	3	10	4	7	9
Gene_4378	1441	1357	1432	1588	2019	1548	1253	1728
Gene_4379	0	1	1	1	1	1	3	3
Gene_4380	185	192	209	187	291	144	244	141
Gene_4381	2767	2513	3080	3572	4442	3205	3100	4411
Gene_4382	3528	5264	3330	5567	3648	2680	3919	3685
Gene_4383	6990	5359	9771	7934	6614	11009	7998	10482
Gene_4384	766	409	575	879	601	649	501	691
Gene_4385	2	2	5	8	0	5	2	3
Gene_4386	109	86	92	105	74	79	145	71
Gene_4387	0	0	0	0	1	0	0	0
Gene_4388	63	99	139	234	90	140	116	98
Gene_4389	0	1	1	0	7	2	2	4
Gene_4390	2188	1793	1744	2637	1040	515	1092	1110
Gene_4391	558	567	471	553	360	460	460	479
Gene_4392	3716	2242	2571	2506	11918	12519	19513	10506
Gene_4393	4	6	4	2	18	9	17	24
Gene_4394	66	58	51	35	312	324	272	296
Gene_4395	347	198	327	442	417	285	241	302
Gene_4396	3	7	2	3	23	13	21	17
Gene_4397	2168	1867	1570	2124	1765	2038	1536	2502
Gene_4398	4	9	4	4	6	9	6	9
Gene_4399	16483	17827	14121	12018	16063	12094	13839	15961
Gene_4400	158	191	229	177	44	44	64	46
Gene_4401	104	169	121	108	137	94	104	180
Gene_4402	40	39	39	41	37	42	21	38
Gene_4403	6	8	1	6	8	7	6	7
Gene_4404	2	3	2	3	2	5	3	4
Gene_4405	10	3	7	11	11	11	11	10
Gene_4406	22	18	22	39	16	27	17	22
Gene_4407	3774	1989	3569	3625	2394	2836	2501	3591
Gene_4408	10	2	4	7	7	7	13	6
Gene_4409	2	2	2	4	1	0	3	0
Gene_4410	103	102	82	79	81	137	98	103
Gene_4411	10	11	7	6	22	45	29	50
Gene_4412	1317	1867	1706	1107	1474	1955	2133	1096
Gene_4413	4	6	1	3	3	6	2	5
Gene_4414	3	1	5	3	0	1	2	0
Gene_4415	24	23	29	29	34	28	36	24
Gene_4416	3551	2840	4334	4726	6747	5529	7850	5592
Gene_4417	24	19	20	22	7	14	9	3
Gene_4418	34	47	35	34	34	47	31	47
Gene_4419	28	49	50	31	39	39	38	37
Gene_4420	47	44	48	53	63	65	62	66
Gene_4421	1251	1465	963	1340	913	1104	1619	1319
Gene_4422	3	3	2	3	12	7	8	16
Gene_4423	4263	4973	3287	3929	3458	3136	5870	4091
Gene_4424	0	0	0	0	0	0	0	0
Gene_4425	18	11	9	9	20	11	9	8
Gene_4426	2671	2827	2634	2835	1861	2554	2278	2524
Gene_4427	1667	925	1209	1015	1030	858	1280	1155
Gene_4428	2835	3685	1989	2874	14945	11132	11625	9668
Gene_4429	82	94	68	141	79	127	98	104
Gene_4430	221	147	207	150	203	197	171	158
Gene_4431	418	378	465	382	1534	1637	2015	1405
Gene_4432	90	72	52	53	58	62	35	96
Gene_4433	1761	2200	2546	2205	2491	2284	2674	2668
Gene_4434	17437	23301	23297	13157	22479	18511	20769	18757
Gene_4435	862	667	1082	607	552	1153	667	771
Gene_4436	26	23	24	26	24	27	22	24
Gene_4437	12230	10711	10336	11460	20350	13884	16856	13535
Gene_4438	6832	7363	7064	5511	6630	6196	5896	7947
Gene_4439	3062	4396	2889	2770	3482	2566	3153	3056
Gene_4440	5	10	11	10	50	31	42	53
Gene_4441	594	587	379	438	693	414	387	542
Gene_4442	8790	11452	9006	9664	10104	15869	10169	8684
Gene_4443	39	43	49	67	190	259	198	172
Gene_4444	29	25	36	31	55	35	41	52
Gene_4445	0	0	0	0	2	0	0	2
Gene_4446	60	65	79	48	88	92	60	61
Gene_4447	36	24	29	38	28	35	39	15
Gene_4448	1	4	2	2	11	10	8	15
Gene_4449	187	153	137	219	217	199	109	270
Gene_4450	39	28	32	36	39	34	16	36
Gene_4451	5	4	1	2	2	2	2	1
Gene_4452	7	10	10	2	9	13	16	13
Gene_4453	332	252	322	353	360	311	266	260
Gene_4454	75	55	47	41	142	229	176	208
Gene_4455	41	46	28	29	27	31	15	46
Gene_4456	7601	4756	9523	6671	9273	8365	6403	8391
Gene_4457	46	71	60	59	14	18	32	16
Gene_4458	1736	1253	1684	1625	2240	1701	1868	1429
Gene_4459	12	10	16	12	9	20	7	23
Gene_4460	1453	1704	1452	1101	5066	6026	6497	3808
Gene_4461	6	8	2	3	2	3	1	3
Gene_4462	1666	1408	2371	1932	1967	1480	1470	1908
Gene_4463	2512	2173	1983	1473	1758	1424	1776	2234
Gene_4464	1931	2425	1245	1943	2026	1727	1314	1058
Gene_4465	6310	4622	5821	7041	6316	4964	5199	8172
Gene_4466	3017	2220	1251	1824	1642	1664	1578	3297
Gene_4467	33	41	47	37	45	44	23	31
Gene_4468	20	22	19	19	5	5	6	4
Gene_4469	2002	2124	2265	1133	1786	1405	1441	1820
Gene_4470	4287	3744	2836	4647	3822	3140	2696	2369
Gene_4471	5	9	8	3	13	3	5	3
Gene_4472	6	5	14	10	3	5	4	10
Gene_4473	0	0	0	0	0	1	0	2
Gene_4474	16	21	12	22	24	31	33	26
Gene_4475	5	2	7	4	2	0	3	4
Gene_4476	415	376	545	515	475	251	431	351
Gene_4477	37	38	48	33	40	54	42	37
Gene_4478	4081	4686	4431	3704	3896	4450	3209	6948
Gene_4479	3466	2884	2000	2106	744	976	1205	634
Gene_4480	36	48	49	30	47	50	24	26
Gene_4481	595	897	809	586	584	516	825	631
Gene_4482	0	0	0	0	0	0	1	0
Gene_4483	7	4	1	3	3	5	7	2
Gene_4484	191	140	112	84	48	44	38	39
Gene_4485	1582	1205	1945	1539	1472	2112	2119	1750
Gene_4486	2073	4367	3434	3478	3203	3214	6034	2788
Gene_4487	0	3	0	1	0	1	1	2
Gene_4488	12	26	18	28	16	29	26	10
Gene_4489	388	485	618	418	114	134	139	144
Gene_4490	9	4	3	2	3	4	2	3
Gene_4491	5	3	6	8	12	11	14	12
Gene_4492	38	50	82	101	81	86	48	54
Gene_4493	25	19	23	15	14	14	16	13
Gene_4494	4	2	2	4	0	0	3	2
Gene_4495	7	7	4	2	11	5	4	8
Gene_4496	4195	2453	2559	3310	2296	3019	3237	2783
Gene_4497	1	5	5	4	4	6	7	4
Gene_4498	364	257	408	441	404	373	257	541
Gene_4499	12	2	4	3	6	2	12	4
Gene_4500	3	2	4	3	4	1	0	1
Gene_4501	58	105	39	68	77	49	102	99
Gene_4502	308	505	684	373	307	493	527	403
Gene_4503	1372	2351	1919	2024	2208	2072	2486	2680
Gene_4504	7	5	16	8	8	7	13	10
Gene_4505	94	140	117	99	93	152	114	93
Gene_4506	754	784	584	631	449	521	508	576
Gene_4507	39	13	40	25	22	34	18	26
Gene_4508	4	2	1	3	2	2	2	0
Gene_4509	2	5	3	8	4	5	10	1
Gene_4510	126	114	130	150	248	102	192	120
Gene_4511	1	8	11	6	3	2	1	1
Gene_4512	94	122	125	98	82	96	106	107
Gene_4513	6	5	10	11	11	14	8	10
Gene_4514	10207	6913	12889	7459	22880	30731	42147	42805
Gene_4515	293	224	349	321	351	280	199	307
Gene_4516	2	1	0	0	2	0	1	0
Gene_4517	0	0	0	1	2	1	1	0
Gene_4518	36810	45881	42962	85870	17746	17359	17707	20791
Gene_4519	116	87	94	104	76	94	108	123
Gene_4520	206	223	188	143	53	97	65	75
Gene_4521	1244	1167	1074	1314	1281	1435	997	1886
Gene_4522	2	1	1	3	7	5	9	4
Gene_4523	1285	965	1242	890	923	1626	1490	1093
Gene_4524	333	370	414	318	522	368	325	337
Gene_4525	10	16	5	17	17	11	25	15
Gene_4526	1254	1461	697	1632	1080	1116	979	1035
Gene_4527	1867	1647	1382	1469	1476	1707	1708	1957
Gene_4528	46391	49536	43071	41583	34435	54120	26821	45807
Gene_4529	1445	1524	2075	1670	6840	5337	5545	7606
Gene_4530	14	20	21	11	16	14	24	25
Gene_4531	65	68	97	168	113	108	48	68
Gene_4532	1012	816	1309	716	801	1267	1558	713
Gene_4533	79	56	72	57	42	68	58	107
Gene_4534	30	17	31	19	36	26	29	29
Gene_4535	28	22	26	27	79	93	67	91
Gene_4536	714	910	639	1094	993	809	850	508
Gene_4537	4853	4143	3598	5907	3165	3564	2886	4913
Gene_4538	23	32	42	28	56	39	39	31
Gene_4539	20	24	29	9	17	23	17	25
Gene_4540	7	8	9	5	5	10	4	5
Gene_4541	583	517	789	639	433	520	464	546
Gene_4542	210	199	258	355	57	83	62	75
Gene_4543	435	443	409	337	160	249	167	251
Gene_4544	14	21	14	11	31	19	17	14
Gene_4545	268	207	119	193	126	125	157	140
Gene_4546	5	5	9	5	3	7	4	3
Gene_4547	5	11	12	4	14	7	3	11
Gene_4548	1087	1216	1675	1818	2268	969	2077	1091
Gene_4549	5	8	3	5	4	10	9	4
Gene_4550	4	3	4	3	2	1	3	4
Gene_4551	116384	112455	87283	91292	102394	173472	144390	99425
Gene_4552	543	388	439	252	379	607	366	362
Gene_4553	5	6	11	4	5	7	7	3
Gene_4554	414	502	345	385	332	434	469	475
Gene_4555	47	69	56	52	28	45	30	31
Gene_4556	0	0	1	0	0	0	0	0
Gene_4557	62	61	79	70	48	48	71	65
Gene_4558	173	106	93	109	64	114	69	115
Gene_4559	994	982	1223	1002	866	1442	1446	1107
Gene_4560	273	174	259	168	157	227	203	180
Gene_4561	179	267	227	306	222	312	324	261
Gene_4562	18	29	14	57	27	32	20	28
Gene_4563	9	3	5	4	2	3	4	2
Gene_4564	21	24	21	35	37	21	34	53
Gene_4565	75	61	43	31	62	61	49	44
Gene_4566	5	4	1	0	8	5	6	12
Gene_4567	163	244	174	146	217	153	133	254
Gene_4568	1344	1366	1195	1614	1421	941	1498	1033
Gene_4569	867	1560	957	1605	974	867	1131	1835
Gene_4570	867	696	674	513	818	716	618	425
Gene_4571	0	0	1	0	0	0	1	0
Gene_4572	4006	3144	5350	3812	4695	3490	4130	3360
Gene_4573	38175	52638	61297	66013	46420	45548	39505	63090
Gene_4574	5	3	0	2	1	2	3	1
Gene_4575	1	0	0	0	0	1	0	0
Gene_4576	133	86	67	108	167	119	150	128
Gene_4577	2	0	2	5	1	1	3	2
Gene_4578	95	84	139	90	64	88	63	95
Gene_4579	24	62	29	45	27	55	40	32
Gene_4580	328	242	285	342	534	363	539	424
Gene_4581	2059	1364	1944	1273	7125	5549	7296	6627
Gene_4582	34	70	38	39	57	45	64	41
Gene_4583	69	71	53	65	56	71	72	54
Gene_4584	5	5	3	2	4	6	3	4
Gene_4585	3419	4458	4582	4731	3280	4891	4393	3887
Gene_4586	183	267	185	177	162	260	179	235
Gene_4587	783	1608	1498	1220	1041	1129	1136	1270
Gene_4588	1111	1423	738	1381	949	1076	929	802
Gene_4589	1402	1081	2139	1865	2078	1154	1309	2088
Gene_4590	1813	2910	1448	1848	1958	1709	1540	2233
Gene_4591	32	33	36	25	37	39	24	55
Gene_4592	38	39	53	53	71	57	57	60
Gene_4593	218	84	159	184	162	153	161	150
Gene_4594	63	115	90	93	107	91	90	98
Gene_4595	9	16	9	9	7	7	15	8
Gene_4596	44	23	26	51	42	27	51	24
Gene_4597	317	208	190	231	237	262	167	203
Gene_4598	14	13	20	24	25	13	29	30
Gene_4599	249	301	338	365	308	387	409	444
Gene_4600	339	238	337	272	369	350	382	412
Gene_4601	6	8	4	3	6	12	7	3
Gene_4602	148	114	96	136	87	63	149	170
Gene_4603	2526	2689	2846	2719	2849	1548	2342	2770
Gene_4604	791	611	383	627	530	579	546	620
Gene_4605	43	41	60	29	51	29	61	28
Gene_4606	530446	503704	647830	537286	446924	455154	678123	640245
Gene_4607	1	1	0	0	0	0	0	2
Gene_4608	198	196	206	215	262	107	310	194
Gene_4609	70	52	65	39	64	59	75	36
Gene_4610	104	62	73	66	86	88	89	104
Gene_4611	8	20	26	19	36	27	16	16
Gene_4612	1	0	0	1	0	0	1	0
Gene_4613	414	570	666	476	764	619	790	582
Gene_4614	4470	2805	3006	1826	2833	2374	1256	2293
Gene_4615	0	2	0	1	2	0	4	0
Gene_4616	3	5	2	6	7	2	5	5
Gene_4617	5545	6960	5860	6168	6245	6777	7687	5154
Gene_4618	4	4	8	4	5	5	3	4
Gene_4619	678	819	977	1022	765	1008	730	1064
Gene_4620	0	1	1	0	0	1	1	2
Gene_4621	1233	912	1260	2490	1292	1474	1738	1425
Gene_4622	262	299	178	147	362	268	325	197
Gene_4623	159	214	257	194	217	239	324	201
Gene_4624	1717	1347	895	1874	994	1222	1227	933
Gene_4625	0	0	2	0	3	2	1	3
Gene_4626	172	181	148	133	196	263	172	144
Gene_4627	3053	3793	3055	4233	1163	1223	1437	1177
Gene_4628	9	18	12	16	14	16	7	12
Gene_4629	35	50	54	79	34	24	22	39
Gene_4630	164	149	178	196	141	167	132	231
Gene_4631	11195	7882	8108	7486	11651	6791	11837	12133
Gene_4632	18226	24397	30661	42786	27259	18260	23846	25087
Gene_4633	2299	3244	2255	1849	3116	3554	4690	4137
Gene_4634	516	504	443	419	295	415	453	342
Gene_4635	10	20	11	18	4	14	5	9
Gene_4636	23	19	18	25	15	14	30	17
Gene_4637	6	8	10	11	5	3	5	4
Gene_4638	1	0	0	1	2	0	0	0
Gene_4639	2277206	5783501	3741992	4120587	3959814	4798830	4135791	5324553
Gene_4640	0	0	1	1	1	0	1	0
Gene_4641	32	67	95	67	45	69	73	90
Gene_4642	642	579	607	380	360	314	446	474
Gene_4643	12	3	8	6	6	5	7	6
Gene_4644	14	13	14	10	4	3	5	3
Gene_4645	55	43	74	46	369	214	262	192
Gene_4646	16	11	7	17	9	15	8	12
Gene_4647	47	34	48	45	39	51	52	44
Gene_4648	6410	5162	6349	5441	5778	7039	3805	3735
Gene_4649	63	62	75	73	87	103	110	77
Gene_4650	98	109	96	88	361	372	299	264
Gene_4651	99	76	102	99	64	73	98	97
Gene_4652	292	231	427	296	354	301	328	309
Gene_4653	3027	2871	5090	4297	2996	3442	6274	4790
Gene_4654	238	283	366	361	326	385	296	211
Gene_4655	323	206	280	253	255	236	320	263
Gene_4656	15	17	18	14	33	30	15	14
Gene_4657	372	242	238	260	229	277	407	212
Gene_4658	6122	6192	5913	5284	19618	25214	24483	26962
Gene_4659	160	191	99	95	107	92	106	78
Gene_4660	14	4	9	15	11	14	16	13
Gene_4661	20	22	17	22	15	27	16	21
Gene_4662	90	97	71	72	69	67	87	92
Gene_4663	1207	671	1070	884	777	919	342	1293
Gene_4664	5	12	7	4	9	7	10	3
Gene_4665	59	71	52	53	258	371	252	243
Gene_4666	202	202	219	252	169	177	178	249
Gene_4667	1215	2028	1193	1664	1978	940	2011	1613
Gene_4668	1613	1187	1181	955	1354	1365	699	893
Gene_4669	1	1	1	3	3	4	3	3
Gene_4670	4	10	15	9	6	8	4	12
Gene_4671	96	81	65	100	235	281	332	248
Gene_4672	6	9	9	5	4	2	2	2
Gene_4673	356	392	254	486	329	437	214	267
Gene_4674	2	2	1	4	0	2	1	0
Gene_4675	68	43	59	53	50	59	68	35
Gene_4676	87	53	36	99	62	106	48	79
Gene_4677	4	0	1	1	2	1	0	2
Gene_4678	0	0	1	3	0	1	0	1
Gene_4679	1604	865	853	966	936	1049	1137	877
Gene_4680	1	1	0	1	1	0	0	0
Gene_4681	340	223	252	356	175	395	232	293
Gene_4682	467	480	438	476	566	467	289	314
Gene_4683	41777	24146	40088	44893	24970	34511	37109	48634
Gene_4684	120	78	104	103	141	92	136	138
Gene_4685	7	10	6	6	12	3	8	11
Gene_4686	41	43	33	48	51	33	47	52
Gene_4687	259	154	277	323	234	270	256	199
Gene_4688	717	707	641	641	698	1080	907	712
Gene_4689	17	16	27	19	34	24	20	16
Gene_4690	183	209	112	188	154	193	192	244
Gene_4691	122	117	166	108	75	180	186	148
Gene_4692	626	666	915	907	515	899	955	953
Gene_4693	4	5	13	1	5	8	12	6
Gene_4694	2553	4259	3180	4026	2818	3413	2615	2481
Gene_4695	1857	1199	1263	1510	1608	2431	1410	872
Gene_4696	119	79	104	68	27	40	36	25
Gene_4697	0	0	0	1	1	1	0	2
Gene_4698	358	255	256	247	212	200	197	219
Gene_4699	10	12	7	18	21	18	20	15
Gene_4700	55	33	76	52	52	28	37	58
Gene_4701	1613	1510	1565	1210	1772	1405	2517	1341
Gene_4702	306	424	351	241	231	372	305	327
Gene_4703	6134	5589	3899	4835	2174	1559	1999	2531
Gene_4704	15	7	30	21	20	16	29	15
Gene_4705	206	190	142	128	164	119	139	179
Gene_4706	40	37	21	29	30	59	25	57
Gene_4707	18	28	13	15	25	6	28	7
Gene_4708	166	187	124	152	165	130	204	216
Gene_4709	1	0	0	0	0	1	0	1
Gene_4710	3	8	2	11	2	3	2	3
Gene_4711	19921	15882	16717	16640	16010	22265	16683	15436
Gene_4712	7	15	9	16	21	18	13	11
Gene_4713	212	209	129	220	81	214	169	197
Gene_4714	8	1	5	6	8	7	3	5
Gene_4715	7445	5358	3759	4218	6402	4269	5222	3810
Gene_4716	6199	7285	9263	9742	4695	7028	9153	7398
Gene_4717	3547	3782	2974	5269	3981	4102	6165	4100
Gene_4718	0	0	0	0	0	0	0	0
Gene_4719	1196	990	1168	1288	1068	1854	1061	2260
Gene_4720	4553	6025	4647	5872	7253	4054	3827	4614
Gene_4721	1019	1210	1778	1579	1189	1365	1321	1249
Gene_4722	214	259	150	169	203	187	152	199
Gene_4723	10	23	19	10	23	15	14	15
Gene_4724	370	334	321	191	336	380	411	351
Gene_4725	110	106	81	121	33	36	22	30
Gene_4726	1	0	1	1	0	0	1	0
Gene_4727	9	13	13	24	44	56	64	55
Gene_4728	5178	3928	2744	5320	3080	4432	3739	4672
Gene_4729	128	166	150	193	117	148	236	57
Gene_4730	407	247	270	237	285	175	173	273
Gene_4731	15	15	14	8	6	7	12	6
Gene_4732	235	213	285	250	206	213	298	254
Gene_4733	642	618	633	987	480	871	887	853
Gene_4734	9	1	2	5	4	2	1	5
Gene_4735	1705	1730	2074	4174	2051	1856	2434	2735
Gene_4736	34	37	26	27	38	50	43	38
Gene_4737	29	40	37	31	44	58	34	39
Gene_4738	36	27	20	27	18	18	20	17
Gene_4739	3	2	1	1	2	2	2	3
Gene_4740	57555	56630	47100	66530	90445	97145	53572	73096
Gene_4741	22	18	20	20	18	18	20	36
Gene_4742	3129	3679	3887	3549	3836	3351	3295	4909
Gene_4743	25	31	17	44	36	23	35	13
Gene_4744	16	5	22	19	11	4	12	16
Gene_4745	336	246	543	455	368	622	390	361
Gene_4746	92	83	124	86	115	76	76	107
Gene_4747	28	31	29	31	33	44	26	24
Gene_4748	1147	1202	1889	1651	932	1102	1390	1147
Gene_4749	25	62	45	40	26	45	61	52
Gene_4750	16	13	13	21	8	5	11	6
Gene_4751	366	734	588	673	726	422	741	565
Gene_4752	556	709	884	523	614	475	396	434
Gene_4753	11937	10363	7860	8671	3774	9569	10467	7879
Gene_4754	18	22	22	25	44	27	16	35
Gene_4755	1091	885	1234	857	328	535	411	574
Gene_4756	8380	9918	7946	8712	46996	34886	31279	28149
Gene_4757	578	423	652	427	399	378	605	503
Gene_4758	407	584	430	359	441	480	456	550
Gene_4759	6	9	7	14	10	8	5	14
Gene_4760	2208	1543	1232	1685	1700	1212	1620	1454
Gene_4761	2199	4311	3419	2856	3499	2644	2995	3170
Gene_4762	0	0	0	0	0	0	0	0
Gene_4763	49	37	41	21	25	36	38	31
Gene_4764	10	3	5	7	6	7	3	9
Gene_4765	103	114	106	144	547	476	381	490
Gene_4766	590	621	591	457	468	367	535	468
Gene_4767	127381	129004	136064	115118	33685	57240	45299	42367
Gene_4768	64	112	108	86	157	108	106	95
Gene_4769	685	505	679	814	894	709	670	612
Gene_4770	1	0	0	1	0	0	1	0
Gene_4771	0	0	1	0	0	0	1	0
Gene_4772	2	3	1	1	1	2	2	2
Gene_4773	0	1	0	0	0	1	0	0
Gene_4774	313	369	420	266	498	261	222	354
Gene_4775	1148	1124	1155	1721	1255	1087	1139	783
Gene_4776	1	2	2	0	2	1	0	2
Gene_4777	0	1	0	4	1	0	0	0
Gene_4778	731	659	996	941	680	1055	646	1346
Gene_4779	247	286	272	379	445	260	297	199
Gene_4780	19172	15970	13711	18922	50046	69452	66128	112914
Gene_4781	6043	4283	5452	2553	7431	4097	4334	5551
Gene_4782	627	474	489	516	771	719	440	929
Gene_4783	5795	4446	7003	6805	6732	3821	5316	5909
Gene_4784	524	540	699	599	756	660	751	804
Gene_4785	572	234	302	291	170	137	204	179
Gene_4786	213	288	289	147	152	290	164	265
Gene_4787	4	2	3	2	2	1	1	4
Gene_4788	10	7	13	12	9	12	6	13
Gene_4789	6	5	6	10	7	14	8	16
Gene_4790	17	40	51	25	19	13	50	28
Gene_4791	448	417	380	528	575	486	576	572
Gene_4792	17	17	19	26	18	18	22	12
Gene_4793	5365	7234	9015	5483	24583	29620	30797	19833
Gene_4794	19	22	22	27	34	20	15	31
Gene_4795	126	64	102	125	76	121	74	111
Gene_4796	514	558	560	505	556	665	555	409
Gene_4797	1279	1099	1013	954	3228	2998	4217	3795
Gene_4798	810	864	702	926	945	456	756	958
Gene_4799	320	171	249	256	192	285	267	196
Gene_4800	5	3	1	2	3	3	2	3
Gene_4801	43	39	25	34	40	35	42	50
Gene_4802	29	10	14	25	24	11	21	8
Gene_4803	54	75	117	41	31	23	34	40
Gene_4804	161	140	170	155	194	210	147	205
Gene_4805	28263	26352	28328	20320	29100	31566	18620	31809
Gene_4806	36	32	34	24	34	20	44	36
Gene_4807	91	110	107	47	81	64	65	82
Gene_4808	155	153	214	220	195	208	261	241
Gene_4809	238	117	178	116	123	194	144	181
Gene_4810	173	139	181	206	166	248	176	157
Gene_4811	7	16	10	8	32	10	44	51
Gene_4812	10	11	3	10	2	5	16	7
Gene_4813	39	69	57	53	51	93	68	63
Gene_4814	2	7	4	5	4	1	3	1
Gene_4815	303	237	277	305	659	652	550	666
Gene_4816	24	18	16	21	27	31	31	29
Gene_4817	303	221	304	232	234	352	370	271
Gene_4818	21	22	35	31	27	52	15	24
Gene_4819	136	90	65	88	82	112	110	119
Gene_4820	0	0	0	1	1	0	0	0
Gene_4821	132	144	116	149	74	137	71	112
Gene_4822	404	616	629	542	200	210	105	194
Gene_4823	655	507	568	414	386	628	411	583
Gene_4824	45	60	45	36	68	83	63	89
Gene_4825	24444	20065	24809	16202	27432	31643	35502	23017
Gene_4826	0	0	0	0	0	0	0	0
Gene_4827	51	83	45	104	61	35	96	48
Gene_4828	50	39	38	43	34	37	40	32
Gene_4829	15	14	15	3	16	19	7	9
Gene_4830	41	52	31	30	40	27	35	20
Gene_4831	617	482	599	492	432	449	648	538
Gene_4832	5	4	6	5	8	9	8	4
Gene_4833	2	1	0	2	1	3	3	0
Gene_4834	30	46	35	39	48	27	14	44
Gene_4835	2031	2508	1229	3059	10158	6372	8878	8846
Gene_4836	1	1	1	0	0	0	2	0
Gene_4837	5	2	2	4	2	3	0	1
Gene_4838	59347	74915	44909	38353	39370	46470	58924	55473
Gene_4839	89	63	61	53	44	50	92	53
Gene_4840	179	381	290	306	405	356	202	315
Gene_4841	285	191	220	221	116	166	167	102
Gene_4842	48	39	53	43	39	61	78	57
Gene_4843	56	62	41	32	63	47	37	56
Gene_4844	25	15	38	35	31	55	29	39
Gene_4845	7	10	10	2	4	20	10	13
Gene_4846	667	631	375	518	401	410	417	519
Gene_4847	2	0	0	0	0	0	1	2
Gene_4848	1029	1346	1408	1414	1219	1325	1807	1217
Gene_4849	54	31	37	54	42	55	39	50
Gene_4850	17	8	5	12	9	10	6	10
Gene_4851	1025	1128	854	1315	947	992	1065	1455
Gene_4852	0	0	0	0	0	0	0	0
Gene_4853	35871	30601	39044	23310	31549	44161	36900	39493
Gene_4854	6	8	10	9	8	16	10	3
Gene_4855	32	38	39	37	28	59	45	34
Gene_4856	14	11	21	26	9	20	12	22
Gene_4857	171	134	166	162	139	183	132	156
Gene_4858	213	342	398	381	347	569	533	374
Gene_4859	2	2	0	4	0	1	1	0
Gene_4860	2940	4049	3017	3060	5787	5216	5846	6265
Gene_4861	6	20	7	6	9	9	6	9
Gene_4862	4	4	5	4	6	5	5	6
Gene_4863	17	37	45	36	43	35	34	49
Gene_4864	22	22	26	17	131	79	118	113
Gene_4865	0	1	0	2	0	0	0	0
Gene_4866	677	370	546	567	450	575	553	349
Gene_4867	0	1	0	1	0	0	3	1
Gene_4868	58	37	43	41	49	42	43	47
Gene_4869	213	261	170	186	431	187	225	269
Gene_4870	135	169	268	136	207	136	224	123
Gene_4871	1	3	3	4	2	0	3	4
Gene_4872	259	423	298	289	1814	1255	1611	1253
Gene_4873	262	441	332	349	265	462	280	245
Gene_4874	692	705	817	677	3769	1462	3978	2465
Gene_4875	57	38	43	29	37	34	52	45
Gene_4876	14	16	28	22	58	63	55	74
Gene_4877	1	1	0	0	0	0	0	0
Gene_4878	824	1542	1116	1546	1080	1289	1078	961
Gene_4879	136	77	176	127	172	150	147	185
Gene_4880	1	0	0	1	0	0	0	0
Gene_4881	3333	3931	3697	4816	4163	6508	4795	3596
Gene_4882	227	314	333	444	283	351	344	221
Gene_4883	168	251	183	175	185	335	184	199
Gene_4884	4128	4271	2357	3061	3575	4521	2220	2433
Gene_4885	18	18	17	35	15	23	21	29
Gene_4886	2	2	2	1	3	3	1	0
Gene_4887	58	74	62	66	57	34	44	52
Gene_4888	434	399	589	388	473	795	582	509
Gene_4889	24	9	22	18	5	6	7	3
Gene_4890	11	8	13	8	11	11	13	5
Gene_4891	343	182	156	281	468	362	203	200
Gene_4892	23	31	31	49	35	28	36	29
Gene_4893	6	3	8	0	2	4	5	3
Gene_4894	523	587	476	754	427	529	402	562
Gene_4895	85	65	66	68	55	37	108	72
Gene_4896	696	504	473	528	535	386	578	665
Gene_4897	22209	33688	30734	28449	10062	10519	12613	7285
Gene_4898	53	91	78	100	91	59	52	68
Gene_4899	0	1	3	1	0	2	0	0
Gene_4900	42	33	33	65	113	167	163	176
Gene_4901	7	12	7	14	60	49	61	45
Gene_4902	41	45	38	34	14	10	13	13
Gene_4903	32245	29308	36737	31971	34962	21585	37095	47071
Gene_4904	1420	1855	1810	1420	1816	1669	1475	1908
Gene_4905	6	4	8	5	1	9	8	5
Gene_4906	9013	7382	5782	7468	7148	6538	6102	8370
Gene_4907	217	145	145	144	63	44	57	63
Gene_4908	14	16	9	12	7	9	15	13
Gene_4909	28	19	54	48	125	88	209	172
Gene_4910	34	37	37	55	265	173	125	188
Gene_4911	194	96	174	168	133	195	178	96
Gene_4912	327	258	167	269	293	319	267	344
Gene_4913	12560	10384	12020	6668	9172	12094	10426	10307
Gene_4914	17	36	27	28	72	104	75	84
Gene_4915	9	2	5	8	9	7	12	9
Gene_4916	4101	3564	3911	8238	7094	6196	4493	4614
Gene_4917	42	23	24	15	128	110	93	153
Gene_4918	484	396	302	242	135	167	112	134
Gene_4919	5536	3753	5176	4752	3211	4806	3966	3249
Gene_4920	7377	8496	8603	9804	41269	34675	38445	33869
Gene_4921	1062	1910	754	1200	1449	1194	1485	1618
Gene_4922	115	118	126	94	68	119	79	114
Gene_4923	275	384	464	425	517	350	431	190
Gene_4924	266	186	239	144	153	180	250	241
Gene_4925	355	310	390	283	241	296	251	409
Gene_4926	0	0	0	0	0	0	1	0
Gene_4927	89	68	61	81	64	38	57	49
Gene_4928	1783	1690	1276	1387	1610	1514	2221	1506
Gene_4929	10	11	2	7	6	14	11	12
Gene_4930	96	115	76	67	269	456	574	360
Gene_4931	22	27	34	62	20	35	33	20
Gene_4932	12	13	16	16	14	10	11	12
Gene_4933	5	7	15	2	3	7	7	4
Gene_4934	7	9	9	10	15	27	29	26
Gene_4935	796	1159	1059	1218	1252	936	1076	1405
Gene_4936	19	34	30	25	25	18	38	41
Gene_4937	22	11	31	19	24	32	17	15
Gene_4938	18	30	22	28	18	20	20	24
Gene_4939	0	2	0	1	0	0	0	0
Gene_4940	2	1	0	1	6	9	4	9
Gene_4941	21	17	9	34	29	30	34	22
Gene_4942	30	35	42	23	32	32	36	23
Gene_4943	0	0	0	0	0	5	5	2
Gene_4944	424	377	444	308	320	472	371	359
Gene_4945	90	56	95	66	62	120	86	87
Gene_4946	717	1382	1231	965	751	1348	773	899
Gene_4947	25	18	5	13	14	20	8	18
Gene_4948	15	13	12	21	9	13	29	15
Gene_4949	77	85	72	72	235	255	258	253
Gene_4950	64	92	63	64	55	35	59	69
Gene_4951	121	181	172	145	168	198	109	138
Gene_4952	2	0	0	1	1	1	0	5
Gene_4953	6	3	4	2	3	1	2	2
Gene_4954	3	6	3	6	3	3	6	7
Gene_4955	759	846	553	636	793	697	542	494
Gene_4956	17	26	25	24	6	8	9	13
Gene_4957	0	2	3	1	0	0	0	0
Gene_4958	401	226	369	285	321	331	425	267
Gene_4959	177	200	340	303	277	473	283	291
Gene_4960	1155	1152	659	837	3176	2668	4221	4860
Gene_4961	4	10	6	6	6	7	12	9
Gene_4962	2	0	1	1	2	0	1	2
Gene_4963	26	34	19	25	13	7	10	11
Gene_4964	56	71	69	53	72	46	60	47
Gene_4965	1735	2718	1408	2278	2195	2410	3411	1888
Gene_4966	0	1	0	0	0	0	0	0
Gene_4967	205	228	174	134	168	206	158	185
Gene_4968	0	0	1	1	2	1	0	0
Gene_4969	22	21	12	9	12	8	10	19
Gene_4970	6	1	3	2	2	4	4	1
Gene_4971	526	397	517	486	650	411	558	448
Gene_4972	14	8	3	17	13	7	4	8
Gene_4973	0	0	0	0	0	2	0	2
Gene_4974	231	251	152	129	233	515	331	215
Gene_4975	2591	2279	2177	2175	1743	1994	2519	1532
Gene_4976	0	0	0	0	0	0	0	0
Gene_4977	2	0	3	1	4	3	1	4
Gene_4978	89	94	154	84	285	371	549	375
Gene_4979	4125	2714	2339	2365	3884	1875	1828	4528
Gene_4980	408	619	405	359	376	483	238	312
Gene_4981	15	15	12	9	28	48	25	50
Gene_4982	211	254	298	253	165	208	192	391
Gene_4983	4205	5799	3848	4783	1591	1426	1425	1941
Gene_4984	33	29	49	52	19	27	24	36
Gene_4985	7915	12363	12990	8259	1655	2258	2204	2487
Gene_4986	16324	27767	20339	18347	15938	16371	14155	16507
Gene_4987	20	27	30	22	71	74	83	62
Gene_4988	10128	11988	12430	9620	11415	11342	16678	11736
Gene_4989	237	204	289	301	153	237	249	233
Gene_4990	590	688	674	769	737	683	549	622
Gene_4991	138	169	129	165	114	108	149	209
Gene_4992	34654	57674	42492	49943	151540	112440	253235	153445
Gene_4993	43353	44310	51603	39854	21526	49065	48298	44950
Gene_4994	0	0	0	0	0	0	0	0
Gene_4995	26618	30059	41953	44185	10432	7859	13801	9454
Gene_4996	292	196	256	260	1208	692	1062	812
Gene_4997	3	3	2	3	13	15	14	9
Gene_4998	41	88	40	41	85	55	104	64
Gene_4999	0	0	0	0	0	0	1	0
Gene_5000	0	0	0	0	0	0	0	0
